number_of_features,estimators,accuracy_score,confusion_matriks
1,10 Trees,0.8362204724409449,"[[245  16   0]
 [ 35 237  12]
 [  0  41  49]]"
2,10 Trees,0.9102362204724409,"[[255   6   0]
 [ 36 237  11]
 [  0   4  86]]"
3,10 Trees,0.9291338582677166,"[[252   9   0]
 [ 21 254   9]
 [  0   6  84]]"
4,10 Trees,0.952755905511811,"[[255   6   0]
 [ 18 261   5]
 [  0   1  89]]"
5,10 Trees,0.952755905511811,"[[255   6   0]
 [ 16 261   7]
 [  0   1  89]]"
6,10 Trees,0.9637795275590552,"[[252   9   0]
 [  9 270   5]
 [  0   0  90]]"
7,10 Trees,0.9574803149606299,"[[253   8   0]
 [ 15 265   4]
 [  0   0  90]]"
8,10 Trees,0.9590551181102362,"[[254   7   0]
 [ 14 265   5]
 [  0   0  90]]"
9,10 Trees,0.9622047244094488,"[[254   7   0]
 [ 15 267   2]
 [  0   0  90]]"
10,10 Trees,0.9590551181102362,"[[255   6   0]
 [ 19 264   1]
 [  0   0  90]]"
11,10 Trees,0.968503937007874,"[[256   5   0]
 [ 14 269   1]
 [  0   0  90]]"
12,10 Trees,0.968503937007874,"[[254   7   0]
 [  9 272   3]
 [  1   0  89]]"
13,10 Trees,0.9763779527559056,"[[258   3   0]
 [ 11 272   1]
 [  0   0  90]]"
14,10 Trees,0.9779527559055118,"[[254   7   0]
 [  6 277   1]
 [  0   0  90]]"
15,10 Trees,0.9826771653543307,"[[256   5   0]
 [  4 278   2]
 [  0   0  90]]"
16,10 Trees,0.984251968503937,"[[258   3   0]
 [  5 277   2]
 [  0   0  90]]"
17,10 Trees,0.984251968503937,"[[258   3   0]
 [  6 277   1]
 [  0   0  90]]"
18,10 Trees,0.984251968503937,"[[257   4   0]
 [  6 278   0]
 [  0   0  90]]"
19,10 Trees,0.9779527559055118,"[[255   6   0]
 [  7 276   1]
 [  0   0  90]]"
20,10 Trees,0.9874015748031496,"[[258   3   0]
 [  4 279   1]
 [  0   0  90]]"
21,10 Trees,0.9874015748031496,"[[259   2   0]
 [  6 278   0]
 [  0   0  90]]"
22,10 Trees,0.988976377952756,"[[258   3   0]
 [  4 280   0]
 [  0   0  90]]"
23,10 Trees,0.9826771653543307,"[[259   2   0]
 [  9 275   0]
 [  0   0  90]]"
24,10 Trees,0.9826771653543307,"[[257   4   0]
 [  5 277   2]
 [  0   0  90]]"
25,10 Trees,0.9874015748031496,"[[260   1   0]
 [  6 277   1]
 [  0   0  90]]"
26,10 Trees,0.9795275590551181,"[[258   3   0]
 [  8 275   1]
 [  0   1  89]]"
27,10 Trees,0.9874015748031496,"[[259   2   0]
 [  5 279   0]
 [  0   1  89]]"
28,10 Trees,0.9858267716535433,"[[257   4   0]
 [  4 279   1]
 [  0   0  90]]"
29,10 Trees,0.984251968503937,"[[258   3   0]
 [  6 277   1]
 [  0   0  90]]"
30,10 Trees,0.9811023622047244,"[[256   5   0]
 [  6 277   1]
 [  0   0  90]]"
31,10 Trees,0.984251968503937,"[[260   1   0]
 [  7 276   1]
 [  1   0  89]]"
32,10 Trees,0.984251968503937,"[[257   4   0]
 [  5 278   1]
 [  0   0  90]]"
33,10 Trees,0.9826771653543307,"[[257   4   0]
 [  6 277   1]
 [  0   0  90]]"
34,10 Trees,0.984251968503937,"[[258   3   0]
 [  6 278   0]
 [  1   0  89]]"
35,10 Trees,0.9858267716535433,"[[259   2   0]
 [  7 277   0]
 [  0   0  90]]"
36,10 Trees,0.9826771653543307,"[[257   4   0]
 [  6 277   1]
 [  0   0  90]]"
37,10 Trees,0.984251968503937,"[[258   3   0]
 [  5 278   1]
 [  0   1  89]]"
38,10 Trees,0.988976377952756,"[[259   2   0]
 [  5 279   0]
 [  0   0  90]]"
39,10 Trees,0.9858267716535433,"[[257   4   0]
 [  5 279   0]
 [  0   0  90]]"
40,10 Trees,0.9874015748031496,"[[259   2   0]
 [  5 278   1]
 [  0   0  90]]"
41,10 Trees,0.988976377952756,"[[261   0   0]
 [  6 277   1]
 [  0   0  90]]"
42,10 Trees,0.9858267716535433,"[[258   3   0]
 [  5 279   0]
 [  0   1  89]]"
43,10 Trees,0.984251968503937,"[[257   4   0]
 [  5 278   1]
 [  0   0  90]]"
44,10 Trees,0.9921259842519685,"[[260   1   0]
 [  3 280   1]
 [  0   0  90]]"
45,10 Trees,0.9874015748031496,"[[260   1   0]
 [  5 278   1]
 [  0   1  89]]"
46,10 Trees,0.9905511811023622,"[[260   1   0]
 [  5 279   0]
 [  0   0  90]]"
47,10 Trees,0.9874015748031496,"[[256   5   0]
 [  3 281   0]
 [  0   0  90]]"
48,10 Trees,0.9811023622047244,"[[258   3   0]
 [  8 275   1]
 [  0   0  90]]"
49,10 Trees,0.984251968503937,"[[258   3   0]
 [  7 277   0]
 [  0   0  90]]"
50,10 Trees,0.988976377952756,"[[260   1   0]
 [  4 279   1]
 [  1   0  89]]"
51,10 Trees,0.9874015748031496,"[[260   1   0]
 [  5 278   1]
 [  1   0  89]]"
52,10 Trees,0.9858267716535433,"[[258   3   0]
 [  6 278   0]
 [  0   0  90]]"
53,10 Trees,0.9858267716535433,"[[258   3   0]
 [  5 279   0]
 [  0   1  89]]"
54,10 Trees,0.9921259842519685,"[[261   0   0]
 [  4 279   1]
 [  0   0  90]]"
55,10 Trees,0.9858267716535433,"[[260   1   0]
 [  7 277   0]
 [  1   0  89]]"
56,10 Trees,0.9921259842519685,"[[259   2   0]
 [  3 281   0]
 [  0   0  90]]"
57,10 Trees,0.9826771653543307,"[[256   5   0]
 [  6 278   0]
 [  0   0  90]]"
58,10 Trees,0.9952755905511811,"[[261   0   0]
 [  3 281   0]
 [  0   0  90]]"
59,10 Trees,0.988976377952756,"[[257   4   0]
 [  3 281   0]
 [  0   0  90]]"
60,10 Trees,0.9874015748031496,"[[260   1   0]
 [  5 277   2]
 [  0   0  90]]"
61,10 Trees,0.9826771653543307,"[[259   2   0]
 [  9 275   0]
 [  0   0  90]]"
62,10 Trees,0.9858267716535433,"[[259   2   0]
 [  6 278   0]
 [  0   1  89]]"
63,10 Trees,0.9858267716535433,"[[258   3   0]
 [  5 278   1]
 [  0   0  90]]"
64,10 Trees,0.9905511811023622,"[[260   1   0]
 [  3 281   0]
 [  0   2  88]]"
65,10 Trees,0.9826771653543307,"[[260   1   0]
 [  9 275   0]
 [  1   0  89]]"
66,10 Trees,0.9858267716535433,"[[259   2   0]
 [  6 278   0]
 [  0   1  89]]"
67,10 Trees,0.984251968503937,"[[258   3   0]
 [  6 278   0]
 [  0   1  89]]"
68,10 Trees,0.984251968503937,"[[258   3   0]
 [  6 278   0]
 [  1   0  89]]"
69,10 Trees,0.984251968503937,"[[260   1   0]
 [  8 276   0]
 [  0   1  89]]"
70,10 Trees,0.9874015748031496,"[[258   3   0]
 [  4 279   1]
 [  0   0  90]]"
71,10 Trees,0.988976377952756,"[[260   1   0]
 [  5 279   0]
 [  1   0  89]]"
72,10 Trees,0.9858267716535433,"[[259   2   0]
 [  6 278   0]
 [  0   1  89]]"
73,10 Trees,0.9858267716535433,"[[258   3   0]
 [  5 278   1]
 [  0   0  90]]"
74,10 Trees,0.9858267716535433,"[[258   3   0]
 [  6 278   0]
 [  0   0  90]]"
75,10 Trees,0.9858267716535433,"[[258   3   0]
 [  5 279   0]
 [  0   1  89]]"
76,10 Trees,0.9795275590551181,"[[260   1   0]
 [  9 274   1]
 [  1   1  88]]"
77,10 Trees,0.9826771653543307,"[[260   1   0]
 [  6 277   1]
 [  1   2  87]]"
78,10 Trees,0.9795275590551181,"[[256   5   0]
 [  4 278   2]
 [  1   1  88]]"
79,10 Trees,0.9874015748031496,"[[261   0   0]
 [  7 277   0]
 [  0   1  89]]"
80,10 Trees,0.988976377952756,"[[260   1   0]
 [  5 279   0]
 [  0   1  89]]"
81,10 Trees,0.984251968503937,"[[257   4   0]
 [  4 279   1]
 [  0   1  89]]"
82,10 Trees,0.9858267716535433,"[[259   2   0]
 [  4 279   1]
 [  0   2  88]]"
83,10 Trees,0.984251968503937,"[[260   1   0]
 [  5 277   2]
 [  0   2  88]]"
84,10 Trees,0.984251968503937,"[[259   2   0]
 [  5 278   1]
 [  1   1  88]]"
85,10 Trees,0.988976377952756,"[[259   2   0]
 [  4 279   1]
 [  0   0  90]]"
86,10 Trees,0.984251968503937,"[[258   3   0]
 [  6 278   0]
 [  1   0  89]]"
87,10 Trees,0.988976377952756,"[[260   1   0]
 [  6 278   0]
 [  0   0  90]]"
88,10 Trees,0.9811023622047244,"[[258   3   0]
 [  6 276   2]
 [  0   1  89]]"
89,10 Trees,0.9795275590551181,"[[258   3   0]
 [  9 275   0]
 [  0   1  89]]"
90,10 Trees,0.984251968503937,"[[258   3   0]
 [  7 277   0]
 [  0   0  90]]"
91,10 Trees,0.988976377952756,"[[259   2   0]
 [  5 279   0]
 [  0   0  90]]"
92,10 Trees,0.9905511811023622,"[[258   3   0]
 [  3 281   0]
 [  0   0  90]]"
93,10 Trees,0.9858267716535433,"[[258   3   0]
 [  5 279   0]
 [  1   0  89]]"
94,10 Trees,0.9905511811023622,"[[258   3   0]
 [  3 281   0]
 [  0   0  90]]"
95,10 Trees,0.9905511811023622,"[[259   2   0]
 [  4 280   0]
 [  0   0  90]]"
96,10 Trees,0.9905511811023622,"[[259   2   0]
 [  3 280   1]
 [  0   0  90]]"
97,10 Trees,0.9795275590551181,"[[260   1   0]
 [  9 273   2]
 [  0   1  89]]"
98,10 Trees,0.9858267716535433,"[[257   4   0]
 [  4 280   0]
 [  0   1  89]]"
99,10 Trees,0.984251968503937,"[[259   2   0]
 [  8 276   0]
 [  0   0  90]]"
100,10 Trees,0.9874015748031496,"[[259   2   0]
 [  4 279   1]
 [  1   0  89]]"
101,10 Trees,0.9826771653543307,"[[257   4   0]
 [  5 277   2]
 [  0   0  90]]"
102,10 Trees,0.9826771653543307,"[[259   2   0]
 [  7 276   1]
 [  0   1  89]]"
103,10 Trees,0.988976377952756,"[[258   3   0]
 [  4 280   0]
 [  0   0  90]]"
104,10 Trees,0.9826771653543307,"[[256   5   0]
 [  6 278   0]
 [  0   0  90]]"
105,10 Trees,0.988976377952756,"[[258   3   0]
 [  4 280   0]
 [  0   0  90]]"
106,10 Trees,0.9858267716535433,"[[261   0   0]
 [  7 277   0]
 [  0   2  88]]"
107,10 Trees,0.9763779527559056,"[[254   7   0]
 [  8 276   0]
 [  0   0  90]]"
1,20 Trees,0.8346456692913385,"[[245  16   0]
 [ 35 238  11]
 [  0  43  47]]"
2,20 Trees,0.9118110236220472,"[[255   6   0]
 [ 35 238  11]
 [  0   4  86]]"
3,20 Trees,0.9275590551181102,"[[250  11   0]
 [ 21 253  10]
 [  0   4  86]]"
4,20 Trees,0.9543307086614173,"[[254   7   0]
 [ 16 263   5]
 [  0   1  89]]"
5,20 Trees,0.9559055118110236,"[[253   8   0]
 [ 13 264   7]
 [  0   0  90]]"
6,20 Trees,0.9590551181102362,"[[251  10   0]
 [ 10 268   6]
 [  0   0  90]]"
7,20 Trees,0.9653543307086614,"[[255   6   0]
 [ 12 268   4]
 [  0   0  90]]"
8,20 Trees,0.9590551181102362,"[[254   7   0]
 [ 14 265   5]
 [  0   0  90]]"
9,20 Trees,0.9669291338582677,"[[254   7   0]
 [ 12 270   2]
 [  0   0  90]]"
10,20 Trees,0.9653543307086614,"[[256   5   0]
 [ 16 267   1]
 [  0   0  90]]"
11,20 Trees,0.9700787401574803,"[[254   7   0]
 [ 10 272   2]
 [  0   0  90]]"
12,20 Trees,0.9826771653543307,"[[257   4   0]
 [  6 277   1]
 [  0   0  90]]"
13,20 Trees,0.9826771653543307,"[[257   4   0]
 [  6 277   1]
 [  0   0  90]]"
14,20 Trees,0.9811023622047244,"[[257   4   0]
 [  7 276   1]
 [  0   0  90]]"
15,20 Trees,0.9858267716535433,"[[257   4   0]
 [  4 279   1]
 [  0   0  90]]"
16,20 Trees,0.9858267716535433,"[[258   3   0]
 [  5 278   1]
 [  0   0  90]]"
17,20 Trees,0.9858267716535433,"[[258   3   0]
 [  5 278   1]
 [  0   0  90]]"
18,20 Trees,0.984251968503937,"[[257   4   0]
 [  5 278   1]
 [  0   0  90]]"
19,20 Trees,0.9874015748031496,"[[259   2   0]
 [  4 278   2]
 [  0   0  90]]"
20,20 Trees,0.9874015748031496,"[[257   4   0]
 [  3 280   1]
 [  0   0  90]]"
21,20 Trees,0.9874015748031496,"[[258   3   0]
 [  5 279   0]
 [  0   0  90]]"
22,20 Trees,0.9858267716535433,"[[259   2   0]
 [  6 277   1]
 [  0   0  90]]"
23,20 Trees,0.9858267716535433,"[[259   2   0]
 [  6 277   1]
 [  0   0  90]]"
24,20 Trees,0.984251968503937,"[[258   3   0]
 [  6 277   1]
 [  0   0  90]]"
25,20 Trees,0.9874015748031496,"[[260   1   0]
 [  6 277   1]
 [  0   0  90]]"
26,20 Trees,0.9826771653543307,"[[258   3   0]
 [  7 276   1]
 [  0   0  90]]"
27,20 Trees,0.984251968503937,"[[258   3   0]
 [  6 277   1]
 [  0   0  90]]"
28,20 Trees,0.9826771653543307,"[[256   5   0]
 [  5 278   1]
 [  0   0  90]]"
29,20 Trees,0.9826771653543307,"[[256   5   0]
 [  6 278   0]
 [  0   0  90]]"
30,20 Trees,0.984251968503937,"[[258   3   0]
 [  6 277   1]
 [  0   0  90]]"
31,20 Trees,0.9858267716535433,"[[260   1   0]
 [  6 277   1]
 [  1   0  89]]"
32,20 Trees,0.9874015748031496,"[[258   3   0]
 [  5 279   0]
 [  0   0  90]]"
33,20 Trees,0.9858267716535433,"[[259   2   0]
 [  6 277   1]
 [  0   0  90]]"
34,20 Trees,0.9811023622047244,"[[258   3   0]
 [  8 276   0]
 [  1   0  89]]"
35,20 Trees,0.988976377952756,"[[259   2   0]
 [  5 279   0]
 [  0   0  90]]"
36,20 Trees,0.9937007874015747,"[[260   1   0]
 [  3 281   0]
 [  0   0  90]]"
37,20 Trees,0.9874015748031496,"[[257   4   0]
 [  4 280   0]
 [  0   0  90]]"
38,20 Trees,0.9874015748031496,"[[259   2   0]
 [  6 278   0]
 [  0   0  90]]"
39,20 Trees,0.9826771653543307,"[[257   4   0]
 [  6 277   1]
 [  0   0  90]]"
40,20 Trees,0.988976377952756,"[[259   2   0]
 [  4 279   1]
 [  0   0  90]]"
41,20 Trees,0.9874015748031496,"[[260   1   0]
 [  7 277   0]
 [  0   0  90]]"
42,20 Trees,0.988976377952756,"[[258   3   0]
 [  4 280   0]
 [  0   0  90]]"
43,20 Trees,0.9858267716535433,"[[259   2   0]
 [  6 277   1]
 [  0   0  90]]"
44,20 Trees,0.988976377952756,"[[259   2   0]
 [  4 279   1]
 [  0   0  90]]"
45,20 Trees,0.9858267716535433,"[[258   3   0]
 [  6 278   0]
 [  0   0  90]]"
46,20 Trees,0.9874015748031496,"[[258   3   0]
 [  5 279   0]
 [  0   0  90]]"
47,20 Trees,0.9874015748031496,"[[256   5   0]
 [  3 281   0]
 [  0   0  90]]"
48,20 Trees,0.9905511811023622,"[[260   1   0]
 [  5 279   0]
 [  0   0  90]]"
49,20 Trees,0.9874015748031496,"[[259   2   0]
 [  6 278   0]
 [  0   0  90]]"
50,20 Trees,0.9921259842519685,"[[260   1   0]
 [  4 280   0]
 [  0   0  90]]"
51,20 Trees,0.9858267716535433,"[[259   2   0]
 [  6 277   1]
 [  0   0  90]]"
52,20 Trees,0.9921259842519685,"[[260   1   0]
 [  4 280   0]
 [  0   0  90]]"
53,20 Trees,0.984251968503937,"[[259   2   0]
 [  7 277   0]
 [  0   1  89]]"
54,20 Trees,0.988976377952756,"[[260   1   0]
 [  4 278   2]
 [  0   0  90]]"
55,20 Trees,0.988976377952756,"[[261   0   0]
 [  7 277   0]
 [  0   0  90]]"
56,20 Trees,0.9921259842519685,"[[259   2   0]
 [  3 281   0]
 [  0   0  90]]"
57,20 Trees,0.9826771653543307,"[[258   3   0]
 [  8 276   0]
 [  0   0  90]]"
58,20 Trees,0.9921259842519685,"[[260   1   0]
 [  4 280   0]
 [  0   0  90]]"
59,20 Trees,0.984251968503937,"[[259   2   0]
 [  8 276   0]
 [  0   0  90]]"
60,20 Trees,0.988976377952756,"[[259   2   0]
 [  5 279   0]
 [  0   0  90]]"
61,20 Trees,0.988976377952756,"[[260   1   0]
 [  5 279   0]
 [  1   0  89]]"
62,20 Trees,0.9905511811023622,"[[260   1   0]
 [  4 279   1]
 [  0   0  90]]"
63,20 Trees,0.988976377952756,"[[259   2   0]
 [  5 279   0]
 [  0   0  90]]"
64,20 Trees,0.9874015748031496,"[[258   3   0]
 [  3 280   1]
 [  0   1  89]]"
65,20 Trees,0.9858267716535433,"[[260   1   0]
 [  7 277   0]
 [  1   0  89]]"
66,20 Trees,0.9874015748031496,"[[260   1   0]
 [  7 277   0]
 [  0   0  90]]"
67,20 Trees,0.984251968503937,"[[258   3   0]
 [  6 278   0]
 [  0   1  89]]"
68,20 Trees,0.9905511811023622,"[[258   3   0]
 [  3 281   0]
 [  0   0  90]]"
69,20 Trees,0.988976377952756,"[[260   1   0]
 [  5 279   0]
 [  1   0  89]]"
70,20 Trees,0.9858267716535433,"[[257   4   0]
 [  4 279   1]
 [  0   0  90]]"
71,20 Trees,0.9905511811023622,"[[261   0   0]
 [  5 279   0]
 [  1   0  89]]"
72,20 Trees,0.988976377952756,"[[259   2   0]
 [  4 280   0]
 [  0   1  89]]"
73,20 Trees,0.988976377952756,"[[259   2   0]
 [  4 279   1]
 [  0   0  90]]"
74,20 Trees,0.9874015748031496,"[[259   2   0]
 [  6 278   0]
 [  0   0  90]]"
75,20 Trees,0.988976377952756,"[[260   1   0]
 [  5 279   0]
 [  0   1  89]]"
76,20 Trees,0.9795275590551181,"[[259   2   0]
 [  9 274   1]
 [  0   1  89]]"
77,20 Trees,0.9905511811023622,"[[260   1   0]
 [  3 281   0]
 [  1   1  88]]"
78,20 Trees,0.9826771653543307,"[[259   2   0]
 [  6 277   1]
 [  1   1  88]]"
79,20 Trees,0.988976377952756,"[[260   1   0]
 [  5 278   1]
 [  0   0  90]]"
80,20 Trees,0.988976377952756,"[[260   1   0]
 [  5 279   0]
 [  0   1  89]]"
81,20 Trees,0.9905511811023622,"[[259   2   0]
 [  3 281   0]
 [  0   1  89]]"
82,20 Trees,0.9905511811023622,"[[260   1   0]
 [  5 279   0]
 [  0   0  90]]"
83,20 Trees,0.9905511811023622,"[[260   1   0]
 [  4 280   0]
 [  0   1  89]]"
84,20 Trees,0.984251968503937,"[[259   2   0]
 [  6 278   0]
 [  1   1  88]]"
85,20 Trees,0.9905511811023622,"[[259   2   0]
 [  4 280   0]
 [  0   0  90]]"
86,20 Trees,0.988976377952756,"[[259   2   0]
 [  5 279   0]
 [  0   0  90]]"
87,20 Trees,0.9905511811023622,"[[259   2   0]
 [  4 280   0]
 [  0   0  90]]"
88,20 Trees,0.9826771653543307,"[[258   3   0]
 [  6 277   1]
 [  0   1  89]]"
89,20 Trees,0.9826771653543307,"[[259   2   0]
 [  8 276   0]
 [  0   1  89]]"
90,20 Trees,0.9858267716535433,"[[260   1   0]
 [  8 276   0]
 [  0   0  90]]"
91,20 Trees,0.9905511811023622,"[[260   1   0]
 [  4 279   1]
 [  0   0  90]]"
92,20 Trees,0.9905511811023622,"[[258   3   0]
 [  3 281   0]
 [  0   0  90]]"
93,20 Trees,0.988976377952756,"[[260   1   0]
 [  6 278   0]
 [  0   0  90]]"
94,20 Trees,0.9921259842519685,"[[259   2   0]
 [  3 281   0]
 [  0   0  90]]"
95,20 Trees,0.9905511811023622,"[[260   1   0]
 [  5 279   0]
 [  0   0  90]]"
96,20 Trees,0.9937007874015747,"[[260   1   0]
 [  3 281   0]
 [  0   0  90]]"
97,20 Trees,0.9858267716535433,"[[260   1   0]
 [  7 277   0]
 [  1   0  89]]"
98,20 Trees,0.9858267716535433,"[[259   2   0]
 [  6 278   0]
 [  0   1  89]]"
99,20 Trees,0.984251968503937,"[[259   2   0]
 [  7 277   0]
 [  1   0  89]]"
100,20 Trees,0.9874015748031496,"[[259   2   0]
 [  5 279   0]
 [  1   0  89]]"
101,20 Trees,0.9874015748031496,"[[259   2   0]
 [  5 279   0]
 [  0   1  89]]"
102,20 Trees,0.984251968503937,"[[259   2   0]
 [  8 276   0]
 [  0   0  90]]"
103,20 Trees,0.9937007874015747,"[[260   1   0]
 [  3 281   0]
 [  0   0  90]]"
104,20 Trees,0.9826771653543307,"[[257   4   0]
 [  7 277   0]
 [  0   0  90]]"
105,20 Trees,0.9921259842519685,"[[260   1   0]
 [  4 280   0]
 [  0   0  90]]"
106,20 Trees,0.9858267716535433,"[[258   3   0]
 [  6 278   0]
 [  0   0  90]]"
107,20 Trees,0.9858267716535433,"[[258   3   0]
 [  6 278   0]
 [  0   0  90]]"
1,30 Trees,0.8393700787401575,"[[245  16   0]
 [ 33 240  11]
 [  0  42  48]]"
2,30 Trees,0.9133858267716536,"[[255   6   0]
 [ 34 239  11]
 [  0   4  86]]"
3,30 Trees,0.9338582677165355,"[[253   8   0]
 [ 19 255  10]
 [  0   5  85]]"
4,30 Trees,0.9574803149606299,"[[253   8   0]
 [ 13 266   5]
 [  0   1  89]]"
5,30 Trees,0.952755905511811,"[[250  11   0]
 [ 12 266   6]
 [  0   1  89]]"
6,30 Trees,0.9590551181102362,"[[252   9   0]
 [ 11 267   6]
 [  0   0  90]]"
7,30 Trees,0.9574803149606299,"[[254   7   0]
 [ 15 264   5]
 [  0   0  90]]"
8,30 Trees,0.9590551181102362,"[[252   9   0]
 [ 12 267   5]
 [  0   0  90]]"
9,30 Trees,0.968503937007874,"[[254   7   0]
 [ 12 271   1]
 [  0   0  90]]"
10,30 Trees,0.9653543307086614,"[[255   6   0]
 [ 15 268   1]
 [  0   0  90]]"
11,30 Trees,0.968503937007874,"[[253   8   0]
 [ 10 272   2]
 [  0   0  90]]"
12,30 Trees,0.9795275590551181,"[[257   4   0]
 [  7 275   2]
 [  0   0  90]]"
13,30 Trees,0.9811023622047244,"[[256   5   0]
 [  6 277   1]
 [  0   0  90]]"
14,30 Trees,0.9811023622047244,"[[256   5   0]
 [  5 278   1]
 [  0   1  89]]"
15,30 Trees,0.984251968503937,"[[256   5   0]
 [  4 279   1]
 [  0   0  90]]"
16,30 Trees,0.984251968503937,"[[258   3   0]
 [  5 277   2]
 [  0   0  90]]"
17,30 Trees,0.9858267716535433,"[[258   3   0]
 [  5 278   1]
 [  0   0  90]]"
18,30 Trees,0.9858267716535433,"[[257   4   0]
 [  4 279   1]
 [  0   0  90]]"
19,30 Trees,0.984251968503937,"[[257   4   0]
 [  5 278   1]
 [  0   0  90]]"
20,30 Trees,0.9874015748031496,"[[257   4   0]
 [  3 280   1]
 [  0   0  90]]"
21,30 Trees,0.9858267716535433,"[[258   3   0]
 [  6 278   0]
 [  0   0  90]]"
22,30 Trees,0.984251968503937,"[[258   3   0]
 [  6 277   1]
 [  0   0  90]]"
23,30 Trees,0.988976377952756,"[[259   2   0]
 [  5 279   0]
 [  0   0  90]]"
24,30 Trees,0.9826771653543307,"[[257   4   0]
 [  6 277   1]
 [  0   0  90]]"
25,30 Trees,0.9858267716535433,"[[259   2   0]
 [  6 277   1]
 [  0   0  90]]"
26,30 Trees,0.9826771653543307,"[[258   3   0]
 [  6 277   1]
 [  0   1  89]]"
27,30 Trees,0.984251968503937,"[[259   2   0]
 [  7 276   1]
 [  0   0  90]]"
28,30 Trees,0.9811023622047244,"[[255   6   0]
 [  5 278   1]
 [  0   0  90]]"
29,30 Trees,0.984251968503937,"[[258   3   0]
 [  6 277   1]
 [  0   0  90]]"
30,30 Trees,0.9858267716535433,"[[257   4   0]
 [  5 279   0]
 [  0   0  90]]"
31,30 Trees,0.9858267716535433,"[[260   1   0]
 [  7 276   1]
 [  0   0  90]]"
32,30 Trees,0.988976377952756,"[[258   3   0]
 [  3 280   1]
 [  0   0  90]]"
33,30 Trees,0.9858267716535433,"[[258   3   0]
 [  5 278   1]
 [  0   0  90]]"
34,30 Trees,0.9795275590551181,"[[257   4   0]
 [  7 276   1]
 [  1   0  89]]"
35,30 Trees,0.9858267716535433,"[[260   1   0]
 [  8 276   0]
 [  0   0  90]]"
36,30 Trees,0.9921259842519685,"[[260   1   0]
 [  4 280   0]
 [  0   0  90]]"
37,30 Trees,0.988976377952756,"[[258   3   0]
 [  4 280   0]
 [  0   0  90]]"
38,30 Trees,0.988976377952756,"[[259   2   0]
 [  5 279   0]
 [  0   0  90]]"
39,30 Trees,0.9858267716535433,"[[258   3   0]
 [  6 278   0]
 [  0   0  90]]"
40,30 Trees,0.988976377952756,"[[260   1   0]
 [  4 278   2]
 [  0   0  90]]"
41,30 Trees,0.984251968503937,"[[259   2   0]
 [  7 276   1]
 [  0   0  90]]"
42,30 Trees,0.9874015748031496,"[[258   3   0]
 [  5 279   0]
 [  0   0  90]]"
43,30 Trees,0.9905511811023622,"[[260   1   0]
 [  4 279   1]
 [  0   0  90]]"
44,30 Trees,0.988976377952756,"[[259   2   0]
 [  4 279   1]
 [  0   0  90]]"
45,30 Trees,0.9858267716535433,"[[258   3   0]
 [  6 278   0]
 [  0   0  90]]"
46,30 Trees,0.9905511811023622,"[[259   2   0]
 [  4 280   0]
 [  0   0  90]]"
47,30 Trees,0.9905511811023622,"[[258   3   0]
 [  3 281   0]
 [  0   0  90]]"
48,30 Trees,0.9905511811023622,"[[259   2   0]
 [  4 280   0]
 [  0   0  90]]"
49,30 Trees,0.9874015748031496,"[[259   2   0]
 [  6 278   0]
 [  0   0  90]]"
50,30 Trees,0.9905511811023622,"[[260   1   0]
 [  5 279   0]
 [  0   0  90]]"
51,30 Trees,0.9858267716535433,"[[258   3   0]
 [  5 278   1]
 [  0   0  90]]"
52,30 Trees,0.9905511811023622,"[[260   1   0]
 [  5 279   0]
 [  0   0  90]]"
53,30 Trees,0.9858267716535433,"[[259   2   0]
 [  7 277   0]
 [  0   0  90]]"
54,30 Trees,0.9858267716535433,"[[259   2   0]
 [  5 277   2]
 [  0   0  90]]"
55,30 Trees,0.9874015748031496,"[[260   1   0]
 [  6 278   0]
 [  1   0  89]]"
56,30 Trees,0.9905511811023622,"[[259   2   0]
 [  3 280   1]
 [  0   0  90]]"
57,30 Trees,0.984251968503937,"[[260   1   0]
 [  9 275   0]
 [  0   0  90]]"
58,30 Trees,0.9937007874015747,"[[261   0   0]
 [  4 280   0]
 [  0   0  90]]"
59,30 Trees,0.9874015748031496,"[[259   2   0]
 [  6 278   0]
 [  0   0  90]]"
60,30 Trees,0.9905511811023622,"[[259   2   0]
 [  4 280   0]
 [  0   0  90]]"
61,30 Trees,0.9858267716535433,"[[259   2   0]
 [  5 278   1]
 [  1   0  89]]"
62,30 Trees,0.9921259842519685,"[[261   0   0]
 [  4 279   1]
 [  0   0  90]]"
63,30 Trees,0.988976377952756,"[[259   2   0]
 [  5 279   0]
 [  0   0  90]]"
64,30 Trees,0.9905511811023622,"[[259   2   0]
 [  3 280   1]
 [  0   0  90]]"
65,30 Trees,0.984251968503937,"[[258   3   0]
 [  7 277   0]
 [  0   0  90]]"
66,30 Trees,0.9858267716535433,"[[259   2   0]
 [  7 277   0]
 [  0   0  90]]"
67,30 Trees,0.984251968503937,"[[260   1   0]
 [  6 277   1]
 [  1   1  88]]"
68,30 Trees,0.9905511811023622,"[[258   3   0]
 [  3 281   0]
 [  0   0  90]]"
69,30 Trees,0.9858267716535433,"[[261   0   0]
 [  8 276   0]
 [  1   0  89]]"
70,30 Trees,0.988976377952756,"[[258   3   0]
 [  4 280   0]
 [  0   0  90]]"
71,30 Trees,0.988976377952756,"[[261   0   0]
 [  6 278   0]
 [  1   0  89]]"
72,30 Trees,0.9874015748031496,"[[259   2   0]
 [  4 279   1]
 [  0   1  89]]"
73,30 Trees,0.988976377952756,"[[259   2   0]
 [  5 279   0]
 [  0   0  90]]"
74,30 Trees,0.9874015748031496,"[[258   3   0]
 [  5 279   0]
 [  0   0  90]]"
75,30 Trees,0.9921259842519685,"[[261   0   0]
 [  5 279   0]
 [  0   0  90]]"
76,30 Trees,0.9811023622047244,"[[260   1   0]
 [  9 274   1]
 [  0   1  89]]"
77,30 Trees,0.988976377952756,"[[260   1   0]
 [  4 280   0]
 [  1   1  88]]"
78,30 Trees,0.9874015748031496,"[[260   1   0]
 [  5 279   0]
 [  1   1  88]]"
79,30 Trees,0.9905511811023622,"[[260   1   0]
 [  4 279   1]
 [  0   0  90]]"
80,30 Trees,0.9905511811023622,"[[260   1   0]
 [  4 279   1]
 [  0   0  90]]"
81,30 Trees,0.9905511811023622,"[[259   2   0]
 [  4 280   0]
 [  0   0  90]]"
82,30 Trees,0.9921259842519685,"[[260   1   0]
 [  4 280   0]
 [  0   0  90]]"
83,30 Trees,0.9874015748031496,"[[259   2   0]
 [  5 279   0]
 [  0   1  89]]"
84,30 Trees,0.988976377952756,"[[260   1   0]
 [  4 280   0]
 [  1   1  88]]"
85,30 Trees,0.9905511811023622,"[[258   3   0]
 [  3 281   0]
 [  0   0  90]]"
86,30 Trees,0.9905511811023622,"[[260   1   0]
 [  5 279   0]
 [  0   0  90]]"
87,30 Trees,0.988976377952756,"[[260   1   0]
 [  5 278   1]
 [  0   0  90]]"
88,30 Trees,0.9905511811023622,"[[260   1   0]
 [  4 280   0]
 [  0   1  89]]"
89,30 Trees,0.9858267716535433,"[[260   1   0]
 [  8 276   0]
 [  0   0  90]]"
90,30 Trees,0.9858267716535433,"[[261   0   0]
 [  8 276   0]
 [  1   0  89]]"
91,30 Trees,0.9874015748031496,"[[260   1   0]
 [  7 277   0]
 [  0   0  90]]"
92,30 Trees,0.9937007874015747,"[[260   1   0]
 [  3 281   0]
 [  0   0  90]]"
93,30 Trees,0.988976377952756,"[[259   2   0]
 [  5 279   0]
 [  0   0  90]]"
94,30 Trees,0.9921259842519685,"[[259   2   0]
 [  3 281   0]
 [  0   0  90]]"
95,30 Trees,0.9858267716535433,"[[259   2   0]
 [  7 277   0]
 [  0   0  90]]"
96,30 Trees,0.9905511811023622,"[[260   1   0]
 [  5 279   0]
 [  0   0  90]]"
97,30 Trees,0.988976377952756,"[[261   0   0]
 [  7 277   0]
 [  0   0  90]]"
98,30 Trees,0.984251968503937,"[[259   2   0]
 [  6 278   0]
 [  1   1  88]]"
99,30 Trees,0.9874015748031496,"[[259   2   0]
 [  5 279   0]
 [  1   0  89]]"
100,30 Trees,0.9921259842519685,"[[260   1   0]
 [  4 280   0]
 [  0   0  90]]"
101,30 Trees,0.9874015748031496,"[[258   3   0]
 [  5 279   0]
 [  0   0  90]]"
102,30 Trees,0.984251968503937,"[[260   1   0]
 [  8 276   0]
 [  1   0  89]]"
103,30 Trees,0.988976377952756,"[[259   2   0]
 [  5 279   0]
 [  0   0  90]]"
104,30 Trees,0.9826771653543307,"[[257   4   0]
 [  7 277   0]
 [  0   0  90]]"
105,30 Trees,0.9874015748031496,"[[259   2   0]
 [  5 279   0]
 [  1   0  89]]"
106,30 Trees,0.9858267716535433,"[[258   3   0]
 [  6 278   0]
 [  0   0  90]]"
107,30 Trees,0.9874015748031496,"[[259   2   0]
 [  6 278   0]
 [  0   0  90]]"
1,40 Trees,0.8409448818897638,"[[245  16   0]
 [ 33 240  11]
 [  0  41  49]]"
2,40 Trees,0.9133858267716536,"[[255   6   0]
 [ 34 239  11]
 [  0   4  86]]"
3,40 Trees,0.9307086614173228,"[[253   8   0]
 [ 19 253  12]
 [  0   5  85]]"
4,40 Trees,0.9574803149606299,"[[254   7   0]
 [ 14 265   5]
 [  0   1  89]]"
5,40 Trees,0.9543307086614173,"[[251  10   0]
 [ 12 266   6]
 [  0   1  89]]"
6,40 Trees,0.9622047244094488,"[[253   8   0]
 [ 11 268   5]
 [  0   0  90]]"
7,40 Trees,0.9590551181102362,"[[254   7   0]
 [ 15 265   4]
 [  0   0  90]]"
8,40 Trees,0.9606299212598425,"[[253   8   0]
 [ 13 267   4]
 [  0   0  90]]"
9,40 Trees,0.968503937007874,"[[254   7   0]
 [ 12 271   1]
 [  0   0  90]]"
10,40 Trees,0.9637795275590552,"[[254   7   0]
 [ 15 268   1]
 [  0   0  90]]"
11,40 Trees,0.9653543307086614,"[[252   9   0]
 [ 11 271   2]
 [  0   0  90]]"
12,40 Trees,0.9795275590551181,"[[256   5   0]
 [  7 276   1]
 [  0   0  90]]"
13,40 Trees,0.9811023622047244,"[[256   5   0]
 [  6 277   1]
 [  0   0  90]]"
14,40 Trees,0.9826771653543307,"[[257   4   0]
 [  5 278   1]
 [  0   1  89]]"
15,40 Trees,0.9811023622047244,"[[256   5   0]
 [  6 277   1]
 [  0   0  90]]"
16,40 Trees,0.9826771653543307,"[[257   4   0]
 [  5 277   2]
 [  0   0  90]]"
17,40 Trees,0.9826771653543307,"[[256   5   0]
 [  5 278   1]
 [  0   0  90]]"
18,40 Trees,0.9858267716535433,"[[257   4   0]
 [  4 279   1]
 [  0   0  90]]"
19,40 Trees,0.9858267716535433,"[[258   3   0]
 [  5 278   1]
 [  0   0  90]]"
20,40 Trees,0.988976377952756,"[[257   4   0]
 [  3 281   0]
 [  0   0  90]]"
21,40 Trees,0.984251968503937,"[[257   4   0]
 [  5 278   1]
 [  0   0  90]]"
22,40 Trees,0.9826771653543307,"[[258   3   0]
 [  7 276   1]
 [  0   0  90]]"
23,40 Trees,0.9858267716535433,"[[259   2   0]
 [  6 277   1]
 [  0   0  90]]"
24,40 Trees,0.984251968503937,"[[257   4   0]
 [  5 278   1]
 [  0   0  90]]"
25,40 Trees,0.9858267716535433,"[[259   2   0]
 [  6 277   1]
 [  0   0  90]]"
26,40 Trees,0.984251968503937,"[[259   2   0]
 [  7 276   1]
 [  0   0  90]]"
27,40 Trees,0.9795275590551181,"[[256   5   0]
 [  6 277   1]
 [  1   0  89]]"
28,40 Trees,0.9811023622047244,"[[256   5   0]
 [  6 277   1]
 [  0   0  90]]"
29,40 Trees,0.9858267716535433,"[[259   2   0]
 [  6 277   1]
 [  0   0  90]]"
30,40 Trees,0.9858267716535433,"[[257   4   0]
 [  5 279   0]
 [  0   0  90]]"
31,40 Trees,0.9874015748031496,"[[260   1   0]
 [  7 277   0]
 [  0   0  90]]"
32,40 Trees,0.988976377952756,"[[257   4   0]
 [  3 281   0]
 [  0   0  90]]"
33,40 Trees,0.9858267716535433,"[[258   3   0]
 [  5 278   1]
 [  0   0  90]]"
34,40 Trees,0.984251968503937,"[[258   3   0]
 [  7 277   0]
 [  0   0  90]]"
35,40 Trees,0.988976377952756,"[[259   2   0]
 [  5 279   0]
 [  0   0  90]]"
36,40 Trees,0.9905511811023622,"[[261   0   0]
 [  6 278   0]
 [  0   0  90]]"
37,40 Trees,0.988976377952756,"[[259   2   0]
 [  5 279   0]
 [  0   0  90]]"
38,40 Trees,0.988976377952756,"[[259   2   0]
 [  5 279   0]
 [  0   0  90]]"
39,40 Trees,0.984251968503937,"[[258   3   0]
 [  7 277   0]
 [  0   0  90]]"
40,40 Trees,0.9858267716535433,"[[259   2   0]
 [  6 277   1]
 [  0   0  90]]"
41,40 Trees,0.988976377952756,"[[259   2   0]
 [  5 279   0]
 [  0   0  90]]"
42,40 Trees,0.9921259842519685,"[[260   1   0]
 [  4 280   0]
 [  0   0  90]]"
43,40 Trees,0.9921259842519685,"[[260   1   0]
 [  3 280   1]
 [  0   0  90]]"
44,40 Trees,0.988976377952756,"[[259   2   0]
 [  4 279   1]
 [  0   0  90]]"
45,40 Trees,0.9874015748031496,"[[260   1   0]
 [  6 277   1]
 [  0   0  90]]"
46,40 Trees,0.988976377952756,"[[259   2   0]
 [  5 279   0]
 [  0   0  90]]"
47,40 Trees,0.9905511811023622,"[[258   3   0]
 [  3 281   0]
 [  0   0  90]]"
48,40 Trees,0.9905511811023622,"[[260   1   0]
 [  5 279   0]
 [  0   0  90]]"
49,40 Trees,0.9874015748031496,"[[259   2   0]
 [  6 278   0]
 [  0   0  90]]"
50,40 Trees,0.9905511811023622,"[[260   1   0]
 [  5 279   0]
 [  0   0  90]]"
51,40 Trees,0.9858267716535433,"[[258   3   0]
 [  5 278   1]
 [  0   0  90]]"
52,40 Trees,0.984251968503937,"[[259   2   0]
 [  8 276   0]
 [  0   0  90]]"
53,40 Trees,0.988976377952756,"[[259   2   0]
 [  5 279   0]
 [  0   0  90]]"
54,40 Trees,0.9858267716535433,"[[257   4   0]
 [  3 279   2]
 [  0   0  90]]"
55,40 Trees,0.9874015748031496,"[[260   1   0]
 [  6 278   0]
 [  1   0  89]]"
56,40 Trees,0.9937007874015747,"[[261   0   0]
 [  3 280   1]
 [  0   0  90]]"
57,40 Trees,0.9826771653543307,"[[258   3   0]
 [  8 276   0]
 [  0   0  90]]"
58,40 Trees,0.9937007874015747,"[[260   1   0]
 [  3 281   0]
 [  0   0  90]]"
59,40 Trees,0.9874015748031496,"[[260   1   0]
 [  7 277   0]
 [  0   0  90]]"
60,40 Trees,0.9937007874015747,"[[261   0   0]
 [  4 280   0]
 [  0   0  90]]"
61,40 Trees,0.988976377952756,"[[260   1   0]
 [  4 279   1]
 [  1   0  89]]"
62,40 Trees,0.9921259842519685,"[[261   0   0]
 [  5 279   0]
 [  0   0  90]]"
63,40 Trees,0.9858267716535433,"[[258   3   0]
 [  5 279   0]
 [  0   1  89]]"
64,40 Trees,0.988976377952756,"[[259   2   0]
 [  4 279   1]
 [  0   0  90]]"
65,40 Trees,0.9858267716535433,"[[259   2   0]
 [  7 277   0]
 [  0   0  90]]"
66,40 Trees,0.9858267716535433,"[[259   2   0]
 [  7 277   0]
 [  0   0  90]]"
67,40 Trees,0.9858267716535433,"[[259   2   0]
 [  6 277   1]
 [  0   0  90]]"
68,40 Trees,0.9905511811023622,"[[258   3   0]
 [  3 281   0]
 [  0   0  90]]"
69,40 Trees,0.9858267716535433,"[[260   1   0]
 [  7 277   0]
 [  0   1  89]]"
70,40 Trees,0.988976377952756,"[[258   3   0]
 [  4 280   0]
 [  0   0  90]]"
71,40 Trees,0.988976377952756,"[[260   1   0]
 [  6 278   0]
 [  0   0  90]]"
72,40 Trees,0.9858267716535433,"[[259   2   0]
 [  5 278   1]
 [  0   1  89]]"
73,40 Trees,0.9905511811023622,"[[260   1   0]
 [  5 279   0]
 [  0   0  90]]"
74,40 Trees,0.9921259842519685,"[[260   1   0]
 [  4 280   0]
 [  0   0  90]]"
75,40 Trees,0.9905511811023622,"[[260   1   0]
 [  5 279   0]
 [  0   0  90]]"
76,40 Trees,0.9826771653543307,"[[259   2   0]
 [  7 276   1]
 [  0   1  89]]"
77,40 Trees,0.988976377952756,"[[260   1   0]
 [  4 280   0]
 [  1   1  88]]"
78,40 Trees,0.9874015748031496,"[[260   1   0]
 [  6 278   0]
 [  0   1  89]]"
79,40 Trees,0.9905511811023622,"[[261   0   0]
 [  5 278   1]
 [  0   0  90]]"
80,40 Trees,0.9905511811023622,"[[260   1   0]
 [  5 279   0]
 [  0   0  90]]"
81,40 Trees,0.9921259842519685,"[[259   2   0]
 [  3 281   0]
 [  0   0  90]]"
82,40 Trees,0.9905511811023622,"[[259   2   0]
 [  4 280   0]
 [  0   0  90]]"
83,40 Trees,0.9874015748031496,"[[259   2   0]
 [  5 278   1]
 [  0   0  90]]"
84,40 Trees,0.988976377952756,"[[259   2   0]
 [  4 280   0]
 [  0   1  89]]"
85,40 Trees,0.988976377952756,"[[258   3   0]
 [  4 280   0]
 [  0   0  90]]"
86,40 Trees,0.9921259842519685,"[[260   1   0]
 [  4 280   0]
 [  0   0  90]]"
87,40 Trees,0.9905511811023622,"[[259   2   0]
 [  4 280   0]
 [  0   0  90]]"
88,40 Trees,0.984251968503937,"[[259   2   0]
 [  7 277   0]
 [  0   1  89]]"
89,40 Trees,0.9858267716535433,"[[260   1   0]
 [  8 276   0]
 [  0   0  90]]"
90,40 Trees,0.9858267716535433,"[[260   1   0]
 [  8 276   0]
 [  0   0  90]]"
91,40 Trees,0.9858267716535433,"[[260   1   0]
 [  7 276   1]
 [  0   0  90]]"
92,40 Trees,0.9937007874015747,"[[260   1   0]
 [  3 281   0]
 [  0   0  90]]"
93,40 Trees,0.9858267716535433,"[[259   2   0]
 [  7 277   0]
 [  0   0  90]]"
94,40 Trees,0.9921259842519685,"[[259   2   0]
 [  3 281   0]
 [  0   0  90]]"
95,40 Trees,0.9874015748031496,"[[260   1   0]
 [  7 277   0]
 [  0   0  90]]"
96,40 Trees,0.9921259842519685,"[[260   1   0]
 [  4 280   0]
 [  0   0  90]]"
97,40 Trees,0.988976377952756,"[[261   0   0]
 [  7 277   0]
 [  0   0  90]]"
98,40 Trees,0.9858267716535433,"[[259   2   0]
 [  6 278   0]
 [  0   1  89]]"
99,40 Trees,0.9874015748031496,"[[259   2   0]
 [  6 278   0]
 [  0   0  90]]"
100,40 Trees,0.988976377952756,"[[258   3   0]
 [  4 280   0]
 [  0   0  90]]"
101,40 Trees,0.9905511811023622,"[[260   1   0]
 [  5 279   0]
 [  0   0  90]]"
102,40 Trees,0.9858267716535433,"[[260   1   0]
 [  7 277   0]
 [  1   0  89]]"
103,40 Trees,0.988976377952756,"[[259   2   0]
 [  5 279   0]
 [  0   0  90]]"
104,40 Trees,0.9811023622047244,"[[257   4   0]
 [  8 276   0]
 [  0   0  90]]"
105,40 Trees,0.9905511811023622,"[[261   0   0]
 [  5 279   0]
 [  1   0  89]]"
106,40 Trees,0.9826771653543307,"[[257   4   0]
 [  6 277   1]
 [  0   0  90]]"
107,40 Trees,0.9858267716535433,"[[259   2   0]
 [  7 277   0]
 [  0   0  90]]"
1,50 Trees,0.8393700787401575,"[[245  16   0]
 [ 33 240  11]
 [  0  42  48]]"
2,50 Trees,0.9133858267716536,"[[255   6   0]
 [ 34 239  11]
 [  0   4  86]]"
3,50 Trees,0.9291338582677166,"[[251  10   0]
 [ 20 253  11]
 [  0   4  86]]"
4,50 Trees,0.9559055118110236,"[[255   6   0]
 [ 16 263   5]
 [  0   1  89]]"
5,50 Trees,0.9574803149606299,"[[252   9   0]
 [ 11 267   6]
 [  0   1  89]]"
6,50 Trees,0.9622047244094488,"[[253   8   0]
 [ 11 268   5]
 [  0   0  90]]"
7,50 Trees,0.9606299212598425,"[[254   7   0]
 [ 14 266   4]
 [  0   0  90]]"
8,50 Trees,0.9606299212598425,"[[253   8   0]
 [ 13 267   4]
 [  0   0  90]]"
9,50 Trees,0.9653543307086614,"[[253   8   0]
 [ 13 270   1]
 [  0   0  90]]"
10,50 Trees,0.9653543307086614,"[[254   7   0]
 [ 14 269   1]
 [  0   0  90]]"
11,50 Trees,0.9653543307086614,"[[252   9   0]
 [ 12 271   1]
 [  0   0  90]]"
12,50 Trees,0.9795275590551181,"[[256   5   0]
 [  7 276   1]
 [  0   0  90]]"
13,50 Trees,0.9779527559055118,"[[256   5   0]
 [  8 275   1]
 [  0   0  90]]"
14,50 Trees,0.9826771653543307,"[[257   4   0]
 [  5 278   1]
 [  0   1  89]]"
15,50 Trees,0.9811023622047244,"[[256   5   0]
 [  6 277   1]
 [  0   0  90]]"
16,50 Trees,0.984251968503937,"[[257   4   0]
 [  5 278   1]
 [  0   0  90]]"
17,50 Trees,0.9811023622047244,"[[255   6   0]
 [  5 278   1]
 [  0   0  90]]"
18,50 Trees,0.984251968503937,"[[257   4   0]
 [  5 278   1]
 [  0   0  90]]"
19,50 Trees,0.9858267716535433,"[[258   3   0]
 [  5 278   1]
 [  0   0  90]]"
20,50 Trees,0.988976377952756,"[[258   3   0]
 [  4 280   0]
 [  0   0  90]]"
21,50 Trees,0.984251968503937,"[[257   4   0]
 [  5 278   1]
 [  0   0  90]]"
22,50 Trees,0.984251968503937,"[[259   2   0]
 [  7 276   1]
 [  0   0  90]]"
23,50 Trees,0.9858267716535433,"[[259   2   0]
 [  6 277   1]
 [  0   0  90]]"
24,50 Trees,0.984251968503937,"[[257   4   0]
 [  5 278   1]
 [  0   0  90]]"
25,50 Trees,0.9874015748031496,"[[260   1   0]
 [  6 277   1]
 [  0   0  90]]"
26,50 Trees,0.9858267716535433,"[[259   2   0]
 [  6 277   1]
 [  0   0  90]]"
27,50 Trees,0.9811023622047244,"[[257   4   0]
 [  7 276   1]
 [  0   0  90]]"
28,50 Trees,0.9779527559055118,"[[255   6   0]
 [  7 276   1]
 [  0   0  90]]"
29,50 Trees,0.9858267716535433,"[[259   2   0]
 [  6 277   1]
 [  0   0  90]]"
30,50 Trees,0.9858267716535433,"[[257   4   0]
 [  5 279   0]
 [  0   0  90]]"
31,50 Trees,0.9874015748031496,"[[260   1   0]
 [  7 277   0]
 [  0   0  90]]"
32,50 Trees,0.988976377952756,"[[258   3   0]
 [  4 280   0]
 [  0   0  90]]"
33,50 Trees,0.9874015748031496,"[[259   2   0]
 [  5 278   1]
 [  0   0  90]]"
34,50 Trees,0.9858267716535433,"[[258   3   0]
 [  6 278   0]
 [  0   0  90]]"
35,50 Trees,0.9874015748031496,"[[259   2   0]
 [  6 278   0]
 [  0   0  90]]"
36,50 Trees,0.9905511811023622,"[[259   2   0]
 [  4 280   0]
 [  0   0  90]]"
37,50 Trees,0.9874015748031496,"[[259   2   0]
 [  6 278   0]
 [  0   0  90]]"
38,50 Trees,0.988976377952756,"[[259   2   0]
 [  5 279   0]
 [  0   0  90]]"
39,50 Trees,0.9874015748031496,"[[258   3   0]
 [  5 279   0]
 [  0   0  90]]"
40,50 Trees,0.9826771653543307,"[[258   3   0]
 [  6 276   2]
 [  0   0  90]]"
41,50 Trees,0.9874015748031496,"[[259   2   0]
 [  6 278   0]
 [  0   0  90]]"
42,50 Trees,0.9921259842519685,"[[260   1   0]
 [  4 280   0]
 [  0   0  90]]"
43,50 Trees,0.9905511811023622,"[[259   2   0]
 [  3 280   1]
 [  0   0  90]]"
44,50 Trees,0.9905511811023622,"[[259   2   0]
 [  4 280   0]
 [  0   0  90]]"
45,50 Trees,0.988976377952756,"[[260   1   0]
 [  6 278   0]
 [  0   0  90]]"
46,50 Trees,0.988976377952756,"[[259   2   0]
 [  5 279   0]
 [  0   0  90]]"
47,50 Trees,0.9905511811023622,"[[259   2   0]
 [  4 280   0]
 [  0   0  90]]"
48,50 Trees,0.9905511811023622,"[[260   1   0]
 [  5 279   0]
 [  0   0  90]]"
49,50 Trees,0.9874015748031496,"[[259   2   0]
 [  6 278   0]
 [  0   0  90]]"
50,50 Trees,0.988976377952756,"[[259   2   0]
 [  5 279   0]
 [  0   0  90]]"
51,50 Trees,0.984251968503937,"[[258   3   0]
 [  6 277   1]
 [  0   0  90]]"
52,50 Trees,0.984251968503937,"[[259   2   0]
 [  8 276   0]
 [  0   0  90]]"
53,50 Trees,0.9874015748031496,"[[259   2   0]
 [  6 278   0]
 [  0   0  90]]"
54,50 Trees,0.9874015748031496,"[[258   3   0]
 [  3 279   2]
 [  0   0  90]]"
55,50 Trees,0.9874015748031496,"[[260   1   0]
 [  7 277   0]
 [  0   0  90]]"
56,50 Trees,0.9921259842519685,"[[261   0   0]
 [  4 279   1]
 [  0   0  90]]"
57,50 Trees,0.9826771653543307,"[[258   3   0]
 [  8 276   0]
 [  0   0  90]]"
58,50 Trees,0.9905511811023622,"[[259   2   0]
 [  4 280   0]
 [  0   0  90]]"
59,50 Trees,0.9858267716535433,"[[260   1   0]
 [  7 276   1]
 [  0   0  90]]"
60,50 Trees,0.9921259842519685,"[[260   1   0]
 [  4 280   0]
 [  0   0  90]]"
61,50 Trees,0.9874015748031496,"[[260   1   0]
 [  5 278   1]
 [  1   0  89]]"
62,50 Trees,0.9905511811023622,"[[261   0   0]
 [  6 278   0]
 [  0   0  90]]"
63,50 Trees,0.988976377952756,"[[259   2   0]
 [  4 280   0]
 [  0   1  89]]"
64,50 Trees,0.988976377952756,"[[259   2   0]
 [  4 279   1]
 [  0   0  90]]"
65,50 Trees,0.9858267716535433,"[[260   1   0]
 [  8 276   0]
 [  0   0  90]]"
66,50 Trees,0.9874015748031496,"[[259   2   0]
 [  6 278   0]
 [  0   0  90]]"
67,50 Trees,0.9858267716535433,"[[259   2   0]
 [  6 277   1]
 [  0   0  90]]"
68,50 Trees,0.9905511811023622,"[[258   3   0]
 [  3 281   0]
 [  0   0  90]]"
69,50 Trees,0.9874015748031496,"[[260   1   0]
 [  7 277   0]
 [  0   0  90]]"
70,50 Trees,0.988976377952756,"[[258   3   0]
 [  4 280   0]
 [  0   0  90]]"
71,50 Trees,0.9874015748031496,"[[260   1   0]
 [  7 277   0]
 [  0   0  90]]"
72,50 Trees,0.984251968503937,"[[259   2   0]
 [  5 278   1]
 [  1   1  88]]"
73,50 Trees,0.9921259842519685,"[[260   1   0]
 [  4 280   0]
 [  0   0  90]]"
74,50 Trees,0.9937007874015747,"[[260   1   0]
 [  3 281   0]
 [  0   0  90]]"
75,50 Trees,0.9905511811023622,"[[260   1   0]
 [  5 279   0]
 [  0   0  90]]"
76,50 Trees,0.9858267716535433,"[[259   2   0]
 [  7 277   0]
 [  0   0  90]]"
77,50 Trees,0.988976377952756,"[[260   1   0]
 [  5 279   0]
 [  0   1  89]]"
78,50 Trees,0.9921259842519685,"[[260   1   0]
 [  4 280   0]
 [  0   0  90]]"
79,50 Trees,0.988976377952756,"[[261   0   0]
 [  6 277   1]
 [  0   0  90]]"
80,50 Trees,0.9874015748031496,"[[260   1   0]
 [  7 277   0]
 [  0   0  90]]"
81,50 Trees,0.9921259842519685,"[[259   2   0]
 [  3 281   0]
 [  0   0  90]]"
82,50 Trees,0.988976377952756,"[[259   2   0]
 [  5 279   0]
 [  0   0  90]]"
83,50 Trees,0.9874015748031496,"[[259   2   0]
 [  5 278   1]
 [  0   0  90]]"
84,50 Trees,0.9921259842519685,"[[261   0   0]
 [  5 279   0]
 [  0   0  90]]"
85,50 Trees,0.988976377952756,"[[259   2   0]
 [  4 280   0]
 [  1   0  89]]"
86,50 Trees,0.988976377952756,"[[260   1   0]
 [  5 279   0]
 [  1   0  89]]"
87,50 Trees,0.9874015748031496,"[[259   2   0]
 [  6 278   0]
 [  0   0  90]]"
88,50 Trees,0.9858267716535433,"[[259   2   0]
 [  7 277   0]
 [  0   0  90]]"
89,50 Trees,0.9858267716535433,"[[260   1   0]
 [  8 276   0]
 [  0   0  90]]"
90,50 Trees,0.9874015748031496,"[[260   1   0]
 [  7 277   0]
 [  0   0  90]]"
91,50 Trees,0.9858267716535433,"[[259   2   0]
 [  7 277   0]
 [  0   0  90]]"
92,50 Trees,0.9921259842519685,"[[260   1   0]
 [  4 280   0]
 [  0   0  90]]"
93,50 Trees,0.9905511811023622,"[[260   1   0]
 [  5 279   0]
 [  0   0  90]]"
94,50 Trees,0.9921259842519685,"[[259   2   0]
 [  3 281   0]
 [  0   0  90]]"
95,50 Trees,0.9858267716535433,"[[260   1   0]
 [  8 276   0]
 [  0   0  90]]"
96,50 Trees,0.9921259842519685,"[[260   1   0]
 [  4 280   0]
 [  0   0  90]]"
97,50 Trees,0.9874015748031496,"[[261   0   0]
 [  8 276   0]
 [  0   0  90]]"
98,50 Trees,0.9858267716535433,"[[259   2   0]
 [  6 278   0]
 [  0   1  89]]"
99,50 Trees,0.9905511811023622,"[[259   2   0]
 [  4 280   0]
 [  0   0  90]]"
100,50 Trees,0.9905511811023622,"[[259   2   0]
 [  4 280   0]
 [  0   0  90]]"
101,50 Trees,0.988976377952756,"[[259   2   0]
 [  5 279   0]
 [  0   0  90]]"
102,50 Trees,0.984251968503937,"[[260   1   0]
 [  8 276   0]
 [  1   0  89]]"
103,50 Trees,0.9858267716535433,"[[259   2   0]
 [  7 277   0]
 [  0   0  90]]"
104,50 Trees,0.9811023622047244,"[[257   4   0]
 [  8 276   0]
 [  0   0  90]]"
105,50 Trees,0.9905511811023622,"[[261   0   0]
 [  5 279   0]
 [  1   0  89]]"
106,50 Trees,0.984251968503937,"[[257   4   0]
 [  6 278   0]
 [  0   0  90]]"
107,50 Trees,0.9874015748031496,"[[259   2   0]
 [  6 278   0]
 [  0   0  90]]"
1,60 Trees,0.84251968503937,"[[245  16   0]
 [ 33 239  12]
 [  0  39  51]]"
2,60 Trees,0.9118110236220472,"[[254   7   0]
 [ 34 239  11]
 [  0   4  86]]"
3,60 Trees,0.9291338582677166,"[[253   8   0]
 [ 21 252  11]
 [  0   5  85]]"
4,60 Trees,0.952755905511811,"[[253   8   0]
 [ 16 263   5]
 [  0   1  89]]"
5,60 Trees,0.9574803149606299,"[[253   8   0]
 [ 12 266   6]
 [  0   1  89]]"
6,60 Trees,0.9622047244094488,"[[253   8   0]
 [ 11 268   5]
 [  0   0  90]]"
7,60 Trees,0.9622047244094488,"[[254   7   0]
 [ 13 267   4]
 [  0   0  90]]"
8,60 Trees,0.9590551181102362,"[[252   9   0]
 [ 13 267   4]
 [  0   0  90]]"
9,60 Trees,0.9637795275590552,"[[253   8   0]
 [ 13 269   2]
 [  0   0  90]]"
10,60 Trees,0.9653543307086614,"[[254   7   0]
 [ 13 269   2]
 [  0   0  90]]"
11,60 Trees,0.9653543307086614,"[[252   9   0]
 [ 12 271   1]
 [  0   0  90]]"
12,60 Trees,0.9795275590551181,"[[256   5   0]
 [  7 276   1]
 [  0   0  90]]"
13,60 Trees,0.9763779527559056,"[[255   6   0]
 [  8 275   1]
 [  0   0  90]]"
14,60 Trees,0.984251968503937,"[[257   4   0]
 [  5 278   1]
 [  0   0  90]]"
15,60 Trees,0.9874015748031496,"[[258   3   0]
 [  4 279   1]
 [  0   0  90]]"
16,60 Trees,0.9826771653543307,"[[257   4   0]
 [  5 277   2]
 [  0   0  90]]"
17,60 Trees,0.9811023622047244,"[[255   6   0]
 [  5 278   1]
 [  0   0  90]]"
18,60 Trees,0.984251968503937,"[[257   4   0]
 [  5 278   1]
 [  0   0  90]]"
19,60 Trees,0.9858267716535433,"[[258   3   0]
 [  5 278   1]
 [  0   0  90]]"
20,60 Trees,0.988976377952756,"[[258   3   0]
 [  4 280   0]
 [  0   0  90]]"
21,60 Trees,0.984251968503937,"[[257   4   0]
 [  5 278   1]
 [  0   0  90]]"
22,60 Trees,0.984251968503937,"[[259   2   0]
 [  7 276   1]
 [  0   0  90]]"
23,60 Trees,0.9858267716535433,"[[259   2   0]
 [  6 277   1]
 [  0   0  90]]"
24,60 Trees,0.984251968503937,"[[257   4   0]
 [  5 278   1]
 [  0   0  90]]"
25,60 Trees,0.9874015748031496,"[[259   2   0]
 [  5 278   1]
 [  0   0  90]]"
26,60 Trees,0.9858267716535433,"[[259   2   0]
 [  6 277   1]
 [  0   0  90]]"
27,60 Trees,0.9811023622047244,"[[257   4   0]
 [  7 276   1]
 [  0   0  90]]"
28,60 Trees,0.9811023622047244,"[[257   4   0]
 [  7 276   1]
 [  0   0  90]]"
29,60 Trees,0.984251968503937,"[[258   3   0]
 [  6 277   1]
 [  0   0  90]]"
30,60 Trees,0.9858267716535433,"[[257   4   0]
 [  5 279   0]
 [  0   0  90]]"
31,60 Trees,0.988976377952756,"[[260   1   0]
 [  6 278   0]
 [  0   0  90]]"
32,60 Trees,0.988976377952756,"[[259   2   0]
 [  5 279   0]
 [  0   0  90]]"
33,60 Trees,0.9874015748031496,"[[258   3   0]
 [  5 279   0]
 [  0   0  90]]"
34,60 Trees,0.984251968503937,"[[258   3   0]
 [  7 277   0]
 [  0   0  90]]"
35,60 Trees,0.988976377952756,"[[260   1   0]
 [  6 278   0]
 [  0   0  90]]"
36,60 Trees,0.9905511811023622,"[[260   1   0]
 [  5 279   0]
 [  0   0  90]]"
37,60 Trees,0.9858267716535433,"[[259   2   0]
 [  6 277   1]
 [  0   0  90]]"
38,60 Trees,0.9874015748031496,"[[259   2   0]
 [  5 278   1]
 [  0   0  90]]"
39,60 Trees,0.9874015748031496,"[[258   3   0]
 [  5 279   0]
 [  0   0  90]]"
40,60 Trees,0.9826771653543307,"[[258   3   0]
 [  6 276   2]
 [  0   0  90]]"
41,60 Trees,0.9905511811023622,"[[259   2   0]
 [  4 280   0]
 [  0   0  90]]"
42,60 Trees,0.9921259842519685,"[[260   1   0]
 [  4 280   0]
 [  0   0  90]]"
43,60 Trees,0.9937007874015747,"[[261   0   0]
 [  3 280   1]
 [  0   0  90]]"
44,60 Trees,0.9905511811023622,"[[259   2   0]
 [  4 280   0]
 [  0   0  90]]"
45,60 Trees,0.988976377952756,"[[260   1   0]
 [  6 278   0]
 [  0   0  90]]"
46,60 Trees,0.988976377952756,"[[258   3   0]
 [  4 280   0]
 [  0   0  90]]"
47,60 Trees,0.9905511811023622,"[[259   2   0]
 [  4 280   0]
 [  0   0  90]]"
48,60 Trees,0.988976377952756,"[[260   1   0]
 [  6 278   0]
 [  0   0  90]]"
49,60 Trees,0.988976377952756,"[[259   2   0]
 [  5 279   0]
 [  0   0  90]]"
50,60 Trees,0.988976377952756,"[[259   2   0]
 [  5 279   0]
 [  0   0  90]]"
51,60 Trees,0.9874015748031496,"[[259   2   0]
 [  5 278   1]
 [  0   0  90]]"
52,60 Trees,0.988976377952756,"[[260   1   0]
 [  6 278   0]
 [  0   0  90]]"
53,60 Trees,0.9858267716535433,"[[259   2   0]
 [  7 277   0]
 [  0   0  90]]"
54,60 Trees,0.9905511811023622,"[[259   2   0]
 [  3 280   1]
 [  0   0  90]]"
55,60 Trees,0.9858267716535433,"[[259   2   0]
 [  7 277   0]
 [  0   0  90]]"
56,60 Trees,0.9905511811023622,"[[261   0   0]
 [  5 278   1]
 [  0   0  90]]"
57,60 Trees,0.9858267716535433,"[[259   2   0]
 [  7 277   0]
 [  0   0  90]]"
58,60 Trees,0.9921259842519685,"[[260   1   0]
 [  4 280   0]
 [  0   0  90]]"
59,60 Trees,0.9874015748031496,"[[259   2   0]
 [  6 278   0]
 [  0   0  90]]"
60,60 Trees,0.9921259842519685,"[[260   1   0]
 [  4 280   0]
 [  0   0  90]]"
61,60 Trees,0.9874015748031496,"[[260   1   0]
 [  5 278   1]
 [  1   0  89]]"
62,60 Trees,0.9905511811023622,"[[261   0   0]
 [  6 278   0]
 [  0   0  90]]"
63,60 Trees,0.9874015748031496,"[[259   2   0]
 [  6 278   0]
 [  0   0  90]]"
64,60 Trees,0.9905511811023622,"[[258   3   0]
 [  3 281   0]
 [  0   0  90]]"
65,60 Trees,0.9858267716535433,"[[260   1   0]
 [  8 276   0]
 [  0   0  90]]"
66,60 Trees,0.988976377952756,"[[259   2   0]
 [  5 279   0]
 [  0   0  90]]"
67,60 Trees,0.9874015748031496,"[[259   2   0]
 [  6 278   0]
 [  0   0  90]]"
68,60 Trees,0.9905511811023622,"[[258   3   0]
 [  3 281   0]
 [  0   0  90]]"
69,60 Trees,0.988976377952756,"[[260   1   0]
 [  6 278   0]
 [  0   0  90]]"
70,60 Trees,0.9858267716535433,"[[258   3   0]
 [  6 278   0]
 [  0   0  90]]"
71,60 Trees,0.9874015748031496,"[[260   1   0]
 [  6 278   0]
 [  0   1  89]]"
72,60 Trees,0.9811023622047244,"[[259   2   0]
 [  7 276   1]
 [  1   1  88]]"
73,60 Trees,0.9921259842519685,"[[261   0   0]
 [  5 279   0]
 [  0   0  90]]"
74,60 Trees,0.9921259842519685,"[[259   2   0]
 [  3 281   0]
 [  0   0  90]]"
75,60 Trees,0.9921259842519685,"[[261   0   0]
 [  5 279   0]
 [  0   0  90]]"
76,60 Trees,0.9858267716535433,"[[259   2   0]
 [  7 277   0]
 [  0   0  90]]"
77,60 Trees,0.9921259842519685,"[[260   1   0]
 [  4 280   0]
 [  0   0  90]]"
78,60 Trees,0.9905511811023622,"[[259   2   0]
 [  4 280   0]
 [  0   0  90]]"
79,60 Trees,0.9858267716535433,"[[260   1   0]
 [  7 276   1]
 [  0   0  90]]"
80,60 Trees,0.9874015748031496,"[[259   2   0]
 [  6 278   0]
 [  0   0  90]]"
81,60 Trees,0.9921259842519685,"[[259   2   0]
 [  3 281   0]
 [  0   0  90]]"
82,60 Trees,0.9921259842519685,"[[260   1   0]
 [  4 280   0]
 [  0   0  90]]"
83,60 Trees,0.9874015748031496,"[[258   3   0]
 [  4 279   1]
 [  0   0  90]]"
84,60 Trees,0.9937007874015747,"[[261   0   0]
 [  4 280   0]
 [  0   0  90]]"
85,60 Trees,0.988976377952756,"[[259   2   0]
 [  5 279   0]
 [  0   0  90]]"
86,60 Trees,0.9905511811023622,"[[260   1   0]
 [  5 279   0]
 [  0   0  90]]"
87,60 Trees,0.9874015748031496,"[[259   2   0]
 [  6 278   0]
 [  0   0  90]]"
88,60 Trees,0.9874015748031496,"[[260   1   0]
 [  7 277   0]
 [  0   0  90]]"
89,60 Trees,0.9874015748031496,"[[260   1   0]
 [  7 277   0]
 [  0   0  90]]"
90,60 Trees,0.9905511811023622,"[[261   0   0]
 [  6 278   0]
 [  0   0  90]]"
91,60 Trees,0.9874015748031496,"[[260   1   0]
 [  7 277   0]
 [  0   0  90]]"
92,60 Trees,0.9937007874015747,"[[260   1   0]
 [  3 281   0]
 [  0   0  90]]"
93,60 Trees,0.9921259842519685,"[[259   2   0]
 [  3 281   0]
 [  0   0  90]]"
94,60 Trees,0.9905511811023622,"[[258   3   0]
 [  3 281   0]
 [  0   0  90]]"
95,60 Trees,0.984251968503937,"[[260   1   0]
 [  9 275   0]
 [  0   0  90]]"
96,60 Trees,0.9921259842519685,"[[260   1   0]
 [  4 280   0]
 [  0   0  90]]"
97,60 Trees,0.988976377952756,"[[261   0   0]
 [  7 277   0]
 [  0   0  90]]"
98,60 Trees,0.988976377952756,"[[260   1   0]
 [  6 278   0]
 [  0   0  90]]"
99,60 Trees,0.9874015748031496,"[[259   2   0]
 [  6 278   0]
 [  0   0  90]]"
100,60 Trees,0.988976377952756,"[[259   2   0]
 [  5 279   0]
 [  0   0  90]]"
101,60 Trees,0.9858267716535433,"[[258   3   0]
 [  6 278   0]
 [  0   0  90]]"
102,60 Trees,0.9874015748031496,"[[260   1   0]
 [  7 277   0]
 [  0   0  90]]"
103,60 Trees,0.988976377952756,"[[259   2   0]
 [  5 279   0]
 [  0   0  90]]"
104,60 Trees,0.984251968503937,"[[258   3   0]
 [  7 277   0]
 [  0   0  90]]"
105,60 Trees,0.988976377952756,"[[260   1   0]
 [  5 279   0]
 [  1   0  89]]"
106,60 Trees,0.984251968503937,"[[257   4   0]
 [  6 278   0]
 [  0   0  90]]"
107,60 Trees,0.988976377952756,"[[259   2   0]
 [  5 279   0]
 [  0   0  90]]"
1,70 Trees,0.8409448818897638,"[[245  16   0]
 [ 33 239  12]
 [  0  40  50]]"
2,70 Trees,0.9133858267716536,"[[255   6   0]
 [ 34 239  11]
 [  0   4  86]]"
3,70 Trees,0.9244094488188976,"[[253   8   0]
 [ 22 250  12]
 [  0   6  84]]"
4,70 Trees,0.9543307086614173,"[[253   8   0]
 [ 15 264   5]
 [  0   1  89]]"
5,70 Trees,0.9590551181102362,"[[253   8   0]
 [ 11 267   6]
 [  0   1  89]]"
6,70 Trees,0.9622047244094488,"[[253   8   0]
 [ 11 268   5]
 [  0   0  90]]"
7,70 Trees,0.9653543307086614,"[[254   7   0]
 [ 11 269   4]
 [  0   0  90]]"
8,70 Trees,0.9606299212598425,"[[252   9   0]
 [ 13 268   3]
 [  0   0  90]]"
9,70 Trees,0.9653543307086614,"[[253   8   0]
 [ 13 270   1]
 [  0   0  90]]"
10,70 Trees,0.9622047244094488,"[[252   9   0]
 [ 13 269   2]
 [  0   0  90]]"
11,70 Trees,0.9653543307086614,"[[252   9   0]
 [ 12 271   1]
 [  0   0  90]]"
12,70 Trees,0.9795275590551181,"[[256   5   0]
 [  7 276   1]
 [  0   0  90]]"
13,70 Trees,0.9795275590551181,"[[255   6   0]
 [  6 277   1]
 [  0   0  90]]"
14,70 Trees,0.984251968503937,"[[257   4   0]
 [  5 278   1]
 [  0   0  90]]"
15,70 Trees,0.9826771653543307,"[[257   4   0]
 [  5 277   2]
 [  0   0  90]]"
16,70 Trees,0.9826771653543307,"[[257   4   0]
 [  5 277   2]
 [  0   0  90]]"
17,70 Trees,0.9811023622047244,"[[255   6   0]
 [  5 278   1]
 [  0   0  90]]"
18,70 Trees,0.984251968503937,"[[257   4   0]
 [  5 278   1]
 [  0   0  90]]"
19,70 Trees,0.9858267716535433,"[[258   3   0]
 [  5 278   1]
 [  0   0  90]]"
20,70 Trees,0.988976377952756,"[[258   3   0]
 [  4 280   0]
 [  0   0  90]]"
21,70 Trees,0.984251968503937,"[[257   4   0]
 [  5 278   1]
 [  0   0  90]]"
22,70 Trees,0.9858267716535433,"[[259   2   0]
 [  6 277   1]
 [  0   0  90]]"
23,70 Trees,0.988976377952756,"[[259   2   0]
 [  5 279   0]
 [  0   0  90]]"
24,70 Trees,0.9826771653543307,"[[257   4   0]
 [  6 277   1]
 [  0   0  90]]"
25,70 Trees,0.984251968503937,"[[258   3   0]
 [  6 277   1]
 [  0   0  90]]"
26,70 Trees,0.9858267716535433,"[[259   2   0]
 [  6 277   1]
 [  0   0  90]]"
27,70 Trees,0.9811023622047244,"[[257   4   0]
 [  7 276   1]
 [  0   0  90]]"
28,70 Trees,0.9795275590551181,"[[256   5   0]
 [  7 276   1]
 [  0   0  90]]"
29,70 Trees,0.984251968503937,"[[258   3   0]
 [  6 277   1]
 [  0   0  90]]"
30,70 Trees,0.9874015748031496,"[[258   3   0]
 [  5 279   0]
 [  0   0  90]]"
31,70 Trees,0.988976377952756,"[[260   1   0]
 [  6 278   0]
 [  0   0  90]]"
32,70 Trees,0.9905511811023622,"[[259   2   0]
 [  4 280   0]
 [  0   0  90]]"
33,70 Trees,0.988976377952756,"[[258   3   0]
 [  4 280   0]
 [  0   0  90]]"
34,70 Trees,0.9874015748031496,"[[258   3   0]
 [  5 279   0]
 [  0   0  90]]"
35,70 Trees,0.9921259842519685,"[[260   1   0]
 [  4 280   0]
 [  0   0  90]]"
36,70 Trees,0.9921259842519685,"[[260   1   0]
 [  4 280   0]
 [  0   0  90]]"
37,70 Trees,0.9826771653543307,"[[258   3   0]
 [  7 276   1]
 [  0   0  90]]"
38,70 Trees,0.988976377952756,"[[259   2   0]
 [  5 279   0]
 [  0   0  90]]"
39,70 Trees,0.9874015748031496,"[[258   3   0]
 [  5 279   0]
 [  0   0  90]]"
40,70 Trees,0.9826771653543307,"[[258   3   0]
 [  6 276   2]
 [  0   0  90]]"
41,70 Trees,0.988976377952756,"[[259   2   0]
 [  5 279   0]
 [  0   0  90]]"
42,70 Trees,0.9937007874015747,"[[260   1   0]
 [  3 281   0]
 [  0   0  90]]"
43,70 Trees,0.988976377952756,"[[259   2   0]
 [  3 279   2]
 [  0   0  90]]"
44,70 Trees,0.9905511811023622,"[[259   2   0]
 [  4 280   0]
 [  0   0  90]]"
45,70 Trees,0.988976377952756,"[[260   1   0]
 [  6 278   0]
 [  0   0  90]]"
46,70 Trees,0.9874015748031496,"[[258   3   0]
 [  5 279   0]
 [  0   0  90]]"
47,70 Trees,0.9905511811023622,"[[259   2   0]
 [  4 280   0]
 [  0   0  90]]"
48,70 Trees,0.9905511811023622,"[[260   1   0]
 [  5 279   0]
 [  0   0  90]]"
49,70 Trees,0.9858267716535433,"[[260   1   0]
 [  7 276   1]
 [  0   0  90]]"
50,70 Trees,0.988976377952756,"[[259   2   0]
 [  5 279   0]
 [  0   0  90]]"
51,70 Trees,0.988976377952756,"[[259   2   0]
 [  4 279   1]
 [  0   0  90]]"
52,70 Trees,0.9874015748031496,"[[259   2   0]
 [  6 278   0]
 [  0   0  90]]"
53,70 Trees,0.9858267716535433,"[[259   2   0]
 [  7 277   0]
 [  0   0  90]]"
54,70 Trees,0.9921259842519685,"[[259   2   0]
 [  3 281   0]
 [  0   0  90]]"
55,70 Trees,0.9858267716535433,"[[259   2   0]
 [  7 277   0]
 [  0   0  90]]"
56,70 Trees,0.988976377952756,"[[260   1   0]
 [  5 278   1]
 [  0   0  90]]"
57,70 Trees,0.984251968503937,"[[259   2   0]
 [  8 276   0]
 [  0   0  90]]"
58,70 Trees,0.9921259842519685,"[[260   1   0]
 [  4 280   0]
 [  0   0  90]]"
59,70 Trees,0.988976377952756,"[[260   1   0]
 [  6 278   0]
 [  0   0  90]]"
60,70 Trees,0.9905511811023622,"[[259   2   0]
 [  4 280   0]
 [  0   0  90]]"
61,70 Trees,0.9905511811023622,"[[260   1   0]
 [  4 279   1]
 [  0   0  90]]"
62,70 Trees,0.9905511811023622,"[[261   0   0]
 [  6 278   0]
 [  0   0  90]]"
63,70 Trees,0.9858267716535433,"[[259   2   0]
 [  6 278   0]
 [  1   0  89]]"
64,70 Trees,0.9905511811023622,"[[259   2   0]
 [  3 281   0]
 [  1   0  89]]"
65,70 Trees,0.9858267716535433,"[[260   1   0]
 [  8 276   0]
 [  0   0  90]]"
66,70 Trees,0.9874015748031496,"[[259   2   0]
 [  6 278   0]
 [  0   0  90]]"
67,70 Trees,0.9874015748031496,"[[259   2   0]
 [  6 278   0]
 [  0   0  90]]"
68,70 Trees,0.9905511811023622,"[[258   3   0]
 [  3 281   0]
 [  0   0  90]]"
69,70 Trees,0.988976377952756,"[[260   1   0]
 [  5 279   0]
 [  0   1  89]]"
70,70 Trees,0.9874015748031496,"[[259   2   0]
 [  6 278   0]
 [  0   0  90]]"
71,70 Trees,0.9874015748031496,"[[260   1   0]
 [  6 278   0]
 [  0   1  89]]"
72,70 Trees,0.984251968503937,"[[259   2   0]
 [  6 277   1]
 [  0   1  89]]"
73,70 Trees,0.988976377952756,"[[260   1   0]
 [  5 278   1]
 [  0   0  90]]"
74,70 Trees,0.9905511811023622,"[[259   2   0]
 [  4 280   0]
 [  0   0  90]]"
75,70 Trees,0.9905511811023622,"[[260   1   0]
 [  5 279   0]
 [  0   0  90]]"
76,70 Trees,0.9858267716535433,"[[259   2   0]
 [  6 278   0]
 [  0   1  89]]"
77,70 Trees,0.9921259842519685,"[[260   1   0]
 [  4 280   0]
 [  0   0  90]]"
78,70 Trees,0.9921259842519685,"[[260   1   0]
 [  4 280   0]
 [  0   0  90]]"
79,70 Trees,0.988976377952756,"[[260   1   0]
 [  6 278   0]
 [  0   0  90]]"
80,70 Trees,0.988976377952756,"[[259   2   0]
 [  5 279   0]
 [  0   0  90]]"
81,70 Trees,0.9905511811023622,"[[259   2   0]
 [  4 280   0]
 [  0   0  90]]"
82,70 Trees,0.9905511811023622,"[[260   1   0]
 [  5 279   0]
 [  0   0  90]]"
83,70 Trees,0.988976377952756,"[[259   2   0]
 [  4 280   0]
 [  1   0  89]]"
84,70 Trees,0.9937007874015747,"[[261   0   0]
 [  4 280   0]
 [  0   0  90]]"
85,70 Trees,0.988976377952756,"[[259   2   0]
 [  5 279   0]
 [  0   0  90]]"
86,70 Trees,0.9921259842519685,"[[260   1   0]
 [  4 280   0]
 [  0   0  90]]"
87,70 Trees,0.9874015748031496,"[[259   2   0]
 [  6 278   0]
 [  0   0  90]]"
88,70 Trees,0.9874015748031496,"[[260   1   0]
 [  7 277   0]
 [  0   0  90]]"
89,70 Trees,0.9858267716535433,"[[260   1   0]
 [  8 276   0]
 [  0   0  90]]"
90,70 Trees,0.988976377952756,"[[260   1   0]
 [  6 278   0]
 [  0   0  90]]"
91,70 Trees,0.9858267716535433,"[[259   2   0]
 [  7 277   0]
 [  0   0  90]]"
92,70 Trees,0.9937007874015747,"[[260   1   0]
 [  3 281   0]
 [  0   0  90]]"
93,70 Trees,0.9921259842519685,"[[259   2   0]
 [  3 281   0]
 [  0   0  90]]"
94,70 Trees,0.9905511811023622,"[[258   3   0]
 [  3 281   0]
 [  0   0  90]]"
95,70 Trees,0.9858267716535433,"[[260   1   0]
 [  8 276   0]
 [  0   0  90]]"
96,70 Trees,0.9921259842519685,"[[260   1   0]
 [  4 280   0]
 [  0   0  90]]"
97,70 Trees,0.988976377952756,"[[261   0   0]
 [  7 277   0]
 [  0   0  90]]"
98,70 Trees,0.988976377952756,"[[260   1   0]
 [  6 278   0]
 [  0   0  90]]"
99,70 Trees,0.9874015748031496,"[[259   2   0]
 [  6 278   0]
 [  0   0  90]]"
100,70 Trees,0.9874015748031496,"[[259   2   0]
 [  5 279   0]
 [  1   0  89]]"
101,70 Trees,0.9874015748031496,"[[259   2   0]
 [  6 278   0]
 [  0   0  90]]"
102,70 Trees,0.9826771653543307,"[[259   2   0]
 [  8 276   0]
 [  1   0  89]]"
103,70 Trees,0.988976377952756,"[[259   2   0]
 [  5 279   0]
 [  0   0  90]]"
104,70 Trees,0.9826771653543307,"[[257   4   0]
 [  7 277   0]
 [  0   0  90]]"
105,70 Trees,0.9874015748031496,"[[260   1   0]
 [  6 278   0]
 [  1   0  89]]"
106,70 Trees,0.9826771653543307,"[[257   4   0]
 [  7 277   0]
 [  0   0  90]]"
107,70 Trees,0.9905511811023622,"[[259   2   0]
 [  4 280   0]
 [  0   0  90]]"
1,80 Trees,0.8393700787401575,"[[245  16   0]
 [ 35 238  11]
 [  0  40  50]]"
2,80 Trees,0.9133858267716536,"[[255   6   0]
 [ 34 239  11]
 [  0   4  86]]"
3,80 Trees,0.925984251968504,"[[253   8   0]
 [ 22 250  12]
 [  0   5  85]]"
4,80 Trees,0.9559055118110236,"[[254   7   0]
 [ 15 264   5]
 [  0   1  89]]"
5,80 Trees,0.9622047244094488,"[[254   7   0]
 [ 11 268   5]
 [  0   1  89]]"
6,80 Trees,0.9622047244094488,"[[253   8   0]
 [ 11 268   5]
 [  0   0  90]]"
7,80 Trees,0.9637795275590552,"[[254   7   0]
 [ 11 268   5]
 [  0   0  90]]"
8,80 Trees,0.9622047244094488,"[[253   8   0]
 [ 13 268   3]
 [  0   0  90]]"
9,80 Trees,0.9637795275590552,"[[253   8   0]
 [ 13 269   2]
 [  0   0  90]]"
10,80 Trees,0.9637795275590552,"[[253   8   0]
 [ 13 269   2]
 [  0   0  90]]"
11,80 Trees,0.9653543307086614,"[[252   9   0]
 [ 12 271   1]
 [  0   0  90]]"
12,80 Trees,0.9795275590551181,"[[256   5   0]
 [  7 276   1]
 [  0   0  90]]"
13,80 Trees,0.9795275590551181,"[[255   6   0]
 [  6 277   1]
 [  0   0  90]]"
14,80 Trees,0.984251968503937,"[[257   4   0]
 [  5 278   1]
 [  0   0  90]]"
15,80 Trees,0.9858267716535433,"[[258   3   0]
 [  4 278   2]
 [  0   0  90]]"
16,80 Trees,0.984251968503937,"[[258   3   0]
 [  5 277   2]
 [  0   0  90]]"
17,80 Trees,0.9826771653543307,"[[257   4   0]
 [  6 277   1]
 [  0   0  90]]"
18,80 Trees,0.984251968503937,"[[257   4   0]
 [  5 278   1]
 [  0   0  90]]"
19,80 Trees,0.9874015748031496,"[[259   2   0]
 [  5 278   1]
 [  0   0  90]]"
20,80 Trees,0.9874015748031496,"[[257   4   0]
 [  4 280   0]
 [  0   0  90]]"
21,80 Trees,0.9826771653543307,"[[257   4   0]
 [  6 277   1]
 [  0   0  90]]"
22,80 Trees,0.9858267716535433,"[[258   3   0]
 [  5 278   1]
 [  0   0  90]]"
23,80 Trees,0.988976377952756,"[[259   2   0]
 [  4 279   1]
 [  0   0  90]]"
24,80 Trees,0.984251968503937,"[[257   4   0]
 [  5 278   1]
 [  0   0  90]]"
25,80 Trees,0.9858267716535433,"[[258   3   0]
 [  5 278   1]
 [  0   0  90]]"
26,80 Trees,0.9858267716535433,"[[259   2   0]
 [  6 277   1]
 [  0   0  90]]"
27,80 Trees,0.9826771653543307,"[[258   3   0]
 [  7 276   1]
 [  0   0  90]]"
28,80 Trees,0.9811023622047244,"[[257   4   0]
 [  7 276   1]
 [  0   0  90]]"
29,80 Trees,0.984251968503937,"[[258   3   0]
 [  6 277   1]
 [  0   0  90]]"
30,80 Trees,0.9858267716535433,"[[258   3   0]
 [  5 278   1]
 [  0   0  90]]"
31,80 Trees,0.9874015748031496,"[[259   2   0]
 [  6 278   0]
 [  0   0  90]]"
32,80 Trees,0.988976377952756,"[[259   2   0]
 [  5 279   0]
 [  0   0  90]]"
33,80 Trees,0.9874015748031496,"[[259   2   0]
 [  6 278   0]
 [  0   0  90]]"
34,80 Trees,0.988976377952756,"[[259   2   0]
 [  5 279   0]
 [  0   0  90]]"
35,80 Trees,0.9905511811023622,"[[259   2   0]
 [  4 280   0]
 [  0   0  90]]"
36,80 Trees,0.9905511811023622,"[[259   2   0]
 [  4 280   0]
 [  0   0  90]]"
37,80 Trees,0.9858267716535433,"[[259   2   0]
 [  7 277   0]
 [  0   0  90]]"
38,80 Trees,0.988976377952756,"[[259   2   0]
 [  5 279   0]
 [  0   0  90]]"
39,80 Trees,0.9858267716535433,"[[258   3   0]
 [  5 278   1]
 [  0   0  90]]"
40,80 Trees,0.9826771653543307,"[[258   3   0]
 [  6 276   2]
 [  0   0  90]]"
41,80 Trees,0.988976377952756,"[[259   2   0]
 [  5 279   0]
 [  0   0  90]]"
42,80 Trees,0.9921259842519685,"[[260   1   0]
 [  4 280   0]
 [  0   0  90]]"
43,80 Trees,0.9905511811023622,"[[259   2   0]
 [  3 280   1]
 [  0   0  90]]"
44,80 Trees,0.9905511811023622,"[[259   2   0]
 [  4 280   0]
 [  0   0  90]]"
45,80 Trees,0.9905511811023622,"[[260   1   0]
 [  5 279   0]
 [  0   0  90]]"
46,80 Trees,0.9874015748031496,"[[258   3   0]
 [  5 279   0]
 [  0   0  90]]"
47,80 Trees,0.9921259842519685,"[[259   2   0]
 [  3 281   0]
 [  0   0  90]]"
48,80 Trees,0.988976377952756,"[[260   1   0]
 [  6 278   0]
 [  0   0  90]]"
49,80 Trees,0.984251968503937,"[[259   2   0]
 [  7 276   1]
 [  0   0  90]]"
50,80 Trees,0.988976377952756,"[[259   2   0]
 [  5 279   0]
 [  0   0  90]]"
51,80 Trees,0.988976377952756,"[[259   2   0]
 [  4 279   1]
 [  0   0  90]]"
52,80 Trees,0.9874015748031496,"[[259   2   0]
 [  6 278   0]
 [  0   0  90]]"
53,80 Trees,0.9858267716535433,"[[259   2   0]
 [  7 277   0]
 [  0   0  90]]"
54,80 Trees,0.9921259842519685,"[[259   2   0]
 [  3 281   0]
 [  0   0  90]]"
55,80 Trees,0.9874015748031496,"[[259   2   0]
 [  5 279   0]
 [  1   0  89]]"
56,80 Trees,0.9921259842519685,"[[260   1   0]
 [  4 280   0]
 [  0   0  90]]"
57,80 Trees,0.9858267716535433,"[[259   2   0]
 [  7 277   0]
 [  0   0  90]]"
58,80 Trees,0.9921259842519685,"[[260   1   0]
 [  4 280   0]
 [  0   0  90]]"
59,80 Trees,0.988976377952756,"[[261   0   0]
 [  6 277   1]
 [  0   0  90]]"
60,80 Trees,0.9921259842519685,"[[260   1   0]
 [  4 280   0]
 [  0   0  90]]"
61,80 Trees,0.988976377952756,"[[260   1   0]
 [  5 278   1]
 [  0   0  90]]"
62,80 Trees,0.9921259842519685,"[[261   0   0]
 [  5 279   0]
 [  0   0  90]]"
63,80 Trees,0.988976377952756,"[[259   2   0]
 [  5 279   0]
 [  0   0  90]]"
64,80 Trees,0.9905511811023622,"[[259   2   0]
 [  3 281   0]
 [  1   0  89]]"
65,80 Trees,0.9874015748031496,"[[260   1   0]
 [  7 277   0]
 [  0   0  90]]"
66,80 Trees,0.988976377952756,"[[259   2   0]
 [  5 279   0]
 [  0   0  90]]"
67,80 Trees,0.9874015748031496,"[[259   2   0]
 [  6 278   0]
 [  0   0  90]]"
68,80 Trees,0.9905511811023622,"[[258   3   0]
 [  3 281   0]
 [  0   0  90]]"
69,80 Trees,0.9905511811023622,"[[260   1   0]
 [  5 279   0]
 [  0   0  90]]"
70,80 Trees,0.9874015748031496,"[[259   2   0]
 [  6 278   0]
 [  0   0  90]]"
71,80 Trees,0.9874015748031496,"[[260   1   0]
 [  6 278   0]
 [  0   1  89]]"
72,80 Trees,0.9858267716535433,"[[259   2   0]
 [  7 277   0]
 [  0   0  90]]"
73,80 Trees,0.9905511811023622,"[[260   1   0]
 [  5 279   0]
 [  0   0  90]]"
74,80 Trees,0.988976377952756,"[[258   3   0]
 [  4 280   0]
 [  0   0  90]]"
75,80 Trees,0.9905511811023622,"[[260   1   0]
 [  5 279   0]
 [  0   0  90]]"
76,80 Trees,0.988976377952756,"[[260   1   0]
 [  6 278   0]
 [  0   0  90]]"
77,80 Trees,0.9921259842519685,"[[260   1   0]
 [  4 280   0]
 [  0   0  90]]"
78,80 Trees,0.9905511811023622,"[[259   2   0]
 [  4 280   0]
 [  0   0  90]]"
79,80 Trees,0.988976377952756,"[[260   1   0]
 [  6 278   0]
 [  0   0  90]]"
80,80 Trees,0.9874015748031496,"[[259   2   0]
 [  6 278   0]
 [  0   0  90]]"
81,80 Trees,0.9905511811023622,"[[259   2   0]
 [  4 280   0]
 [  0   0  90]]"
82,80 Trees,0.9905511811023622,"[[260   1   0]
 [  5 279   0]
 [  0   0  90]]"
83,80 Trees,0.988976377952756,"[[259   2   0]
 [  4 280   0]
 [  1   0  89]]"
84,80 Trees,0.9937007874015747,"[[261   0   0]
 [  4 280   0]
 [  0   0  90]]"
85,80 Trees,0.988976377952756,"[[259   2   0]
 [  5 279   0]
 [  0   0  90]]"
86,80 Trees,0.988976377952756,"[[260   1   0]
 [  5 278   1]
 [  0   0  90]]"
87,80 Trees,0.9874015748031496,"[[259   2   0]
 [  6 278   0]
 [  0   0  90]]"
88,80 Trees,0.9874015748031496,"[[259   2   0]
 [  6 278   0]
 [  0   0  90]]"
89,80 Trees,0.984251968503937,"[[259   2   0]
 [  8 276   0]
 [  0   0  90]]"
90,80 Trees,0.988976377952756,"[[260   1   0]
 [  6 278   0]
 [  0   0  90]]"
91,80 Trees,0.984251968503937,"[[259   2   0]
 [  7 277   0]
 [  1   0  89]]"
92,80 Trees,0.9937007874015747,"[[260   1   0]
 [  3 281   0]
 [  0   0  90]]"
93,80 Trees,0.9921259842519685,"[[259   2   0]
 [  3 281   0]
 [  0   0  90]]"
94,80 Trees,0.9874015748031496,"[[258   3   0]
 [  4 279   1]
 [  0   0  90]]"
95,80 Trees,0.9858267716535433,"[[259   2   0]
 [  7 277   0]
 [  0   0  90]]"
96,80 Trees,0.9921259842519685,"[[260   1   0]
 [  4 280   0]
 [  0   0  90]]"
97,80 Trees,0.9858267716535433,"[[260   1   0]
 [  8 276   0]
 [  0   0  90]]"
98,80 Trees,0.9905511811023622,"[[260   1   0]
 [  5 279   0]
 [  0   0  90]]"
99,80 Trees,0.9874015748031496,"[[259   2   0]
 [  6 278   0]
 [  0   0  90]]"
100,80 Trees,0.988976377952756,"[[259   2   0]
 [  5 279   0]
 [  0   0  90]]"
101,80 Trees,0.988976377952756,"[[259   2   0]
 [  5 279   0]
 [  0   0  90]]"
102,80 Trees,0.9858267716535433,"[[259   2   0]
 [  7 277   0]
 [  0   0  90]]"
103,80 Trees,0.988976377952756,"[[259   2   0]
 [  5 279   0]
 [  0   0  90]]"
104,80 Trees,0.9826771653543307,"[[257   4   0]
 [  7 277   0]
 [  0   0  90]]"
105,80 Trees,0.9874015748031496,"[[260   1   0]
 [  6 278   0]
 [  1   0  89]]"
106,80 Trees,0.984251968503937,"[[258   3   0]
 [  7 277   0]
 [  0   0  90]]"
107,80 Trees,0.9905511811023622,"[[259   2   0]
 [  4 280   0]
 [  0   0  90]]"
1,90 Trees,0.8409448818897638,"[[245  16   0]
 [ 33 239  12]
 [  0  40  50]]"
2,90 Trees,0.9133858267716536,"[[255   6   0]
 [ 34 239  11]
 [  0   4  86]]"
3,90 Trees,0.9244094488188976,"[[253   8   0]
 [ 22 249  13]
 [  0   5  85]]"
4,90 Trees,0.9543307086614173,"[[253   8   0]
 [ 15 264   5]
 [  0   1  89]]"
5,90 Trees,0.9622047244094488,"[[254   7   0]
 [ 11 268   5]
 [  0   1  89]]"
6,90 Trees,0.9622047244094488,"[[253   8   0]
 [ 11 268   5]
 [  0   0  90]]"
7,90 Trees,0.9622047244094488,"[[254   7   0]
 [ 12 267   5]
 [  0   0  90]]"
8,90 Trees,0.9606299212598425,"[[252   9   0]
 [ 13 268   3]
 [  0   0  90]]"
9,90 Trees,0.9669291338582677,"[[253   8   0]
 [ 12 271   1]
 [  0   0  90]]"
10,90 Trees,0.9637795275590552,"[[253   8   0]
 [ 13 269   2]
 [  0   0  90]]"
11,90 Trees,0.9653543307086614,"[[252   9   0]
 [ 12 271   1]
 [  0   0  90]]"
12,90 Trees,0.9795275590551181,"[[256   5   0]
 [  7 276   1]
 [  0   0  90]]"
13,90 Trees,0.9811023622047244,"[[255   6   0]
 [  5 278   1]
 [  0   0  90]]"
14,90 Trees,0.9826771653543307,"[[257   4   0]
 [  6 277   1]
 [  0   0  90]]"
15,90 Trees,0.984251968503937,"[[257   4   0]
 [  5 278   1]
 [  0   0  90]]"
16,90 Trees,0.984251968503937,"[[258   3   0]
 [  5 277   2]
 [  0   0  90]]"
17,90 Trees,0.984251968503937,"[[258   3   0]
 [  6 277   1]
 [  0   0  90]]"
18,90 Trees,0.9826771653543307,"[[257   4   0]
 [  6 277   1]
 [  0   0  90]]"
19,90 Trees,0.9874015748031496,"[[259   2   0]
 [  5 278   1]
 [  0   0  90]]"
20,90 Trees,0.9874015748031496,"[[257   4   0]
 [  4 280   0]
 [  0   0  90]]"
21,90 Trees,0.9826771653543307,"[[257   4   0]
 [  6 277   1]
 [  0   0  90]]"
22,90 Trees,0.9858267716535433,"[[258   3   0]
 [  5 278   1]
 [  0   0  90]]"
23,90 Trees,0.9858267716535433,"[[259   2   0]
 [  6 277   1]
 [  0   0  90]]"
24,90 Trees,0.984251968503937,"[[257   4   0]
 [  5 278   1]
 [  0   0  90]]"
25,90 Trees,0.984251968503937,"[[258   3   0]
 [  6 277   1]
 [  0   0  90]]"
26,90 Trees,0.988976377952756,"[[259   2   0]
 [  4 279   1]
 [  0   0  90]]"
27,90 Trees,0.9826771653543307,"[[258   3   0]
 [  7 276   1]
 [  0   0  90]]"
28,90 Trees,0.9826771653543307,"[[258   3   0]
 [  7 276   1]
 [  0   0  90]]"
29,90 Trees,0.984251968503937,"[[259   2   0]
 [  7 276   1]
 [  0   0  90]]"
30,90 Trees,0.9858267716535433,"[[258   3   0]
 [  5 278   1]
 [  0   0  90]]"
31,90 Trees,0.9874015748031496,"[[259   2   0]
 [  6 278   0]
 [  0   0  90]]"
32,90 Trees,0.988976377952756,"[[259   2   0]
 [  5 279   0]
 [  0   0  90]]"
33,90 Trees,0.9874015748031496,"[[259   2   0]
 [  6 278   0]
 [  0   0  90]]"
34,90 Trees,0.988976377952756,"[[259   2   0]
 [  5 279   0]
 [  0   0  90]]"
35,90 Trees,0.9905511811023622,"[[259   2   0]
 [  4 280   0]
 [  0   0  90]]"
36,90 Trees,0.988976377952756,"[[259   2   0]
 [  5 279   0]
 [  0   0  90]]"
37,90 Trees,0.984251968503937,"[[259   2   0]
 [  8 276   0]
 [  0   0  90]]"
38,90 Trees,0.988976377952756,"[[259   2   0]
 [  5 279   0]
 [  0   0  90]]"
39,90 Trees,0.984251968503937,"[[257   4   0]
 [  5 278   1]
 [  0   0  90]]"
40,90 Trees,0.984251968503937,"[[258   3   0]
 [  6 277   1]
 [  0   0  90]]"
41,90 Trees,0.988976377952756,"[[259   2   0]
 [  5 279   0]
 [  0   0  90]]"
42,90 Trees,0.988976377952756,"[[260   1   0]
 [  6 278   0]
 [  0   0  90]]"
43,90 Trees,0.9905511811023622,"[[259   2   0]
 [  3 280   1]
 [  0   0  90]]"
44,90 Trees,0.9905511811023622,"[[259   2   0]
 [  4 280   0]
 [  0   0  90]]"
45,90 Trees,0.9905511811023622,"[[260   1   0]
 [  5 279   0]
 [  0   0  90]]"
46,90 Trees,0.9874015748031496,"[[258   3   0]
 [  5 279   0]
 [  0   0  90]]"
47,90 Trees,0.988976377952756,"[[259   2   0]
 [  5 279   0]
 [  0   0  90]]"
48,90 Trees,0.988976377952756,"[[260   1   0]
 [  6 278   0]
 [  0   0  90]]"
49,90 Trees,0.984251968503937,"[[259   2   0]
 [  7 276   1]
 [  0   0  90]]"
50,90 Trees,0.988976377952756,"[[259   2   0]
 [  5 279   0]
 [  0   0  90]]"
51,90 Trees,0.9905511811023622,"[[259   2   0]
 [  4 280   0]
 [  0   0  90]]"
52,90 Trees,0.9874015748031496,"[[259   2   0]
 [  6 278   0]
 [  0   0  90]]"
53,90 Trees,0.9874015748031496,"[[259   2   0]
 [  6 278   0]
 [  0   0  90]]"
54,90 Trees,0.9921259842519685,"[[259   2   0]
 [  3 281   0]
 [  0   0  90]]"
55,90 Trees,0.9858267716535433,"[[259   2   0]
 [  6 278   0]
 [  1   0  89]]"
56,90 Trees,0.9905511811023622,"[[260   1   0]
 [  5 279   0]
 [  0   0  90]]"
57,90 Trees,0.984251968503937,"[[259   2   0]
 [  8 276   0]
 [  0   0  90]]"
58,90 Trees,0.9905511811023622,"[[259   2   0]
 [  4 280   0]
 [  0   0  90]]"
59,90 Trees,0.988976377952756,"[[260   1   0]
 [  6 278   0]
 [  0   0  90]]"
60,90 Trees,0.9921259842519685,"[[260   1   0]
 [  4 280   0]
 [  0   0  90]]"
61,90 Trees,0.9874015748031496,"[[259   2   0]
 [  5 278   1]
 [  0   0  90]]"
62,90 Trees,0.9937007874015747,"[[261   0   0]
 [  4 280   0]
 [  0   0  90]]"
63,90 Trees,0.988976377952756,"[[260   1   0]
 [  6 278   0]
 [  0   0  90]]"
64,90 Trees,0.9905511811023622,"[[259   2   0]
 [  3 280   1]
 [  0   0  90]]"
65,90 Trees,0.9858267716535433,"[[259   2   0]
 [  7 277   0]
 [  0   0  90]]"
66,90 Trees,0.9874015748031496,"[[259   2   0]
 [  6 278   0]
 [  0   0  90]]"
67,90 Trees,0.9874015748031496,"[[259   2   0]
 [  6 278   0]
 [  0   0  90]]"
68,90 Trees,0.9921259842519685,"[[259   2   0]
 [  3 281   0]
 [  0   0  90]]"
69,90 Trees,0.988976377952756,"[[260   1   0]
 [  5 279   0]
 [  1   0  89]]"
70,90 Trees,0.988976377952756,"[[259   2   0]
 [  5 279   0]
 [  0   0  90]]"
71,90 Trees,0.9858267716535433,"[[260   1   0]
 [  7 277   0]
 [  0   1  89]]"
72,90 Trees,0.9874015748031496,"[[259   2   0]
 [  6 278   0]
 [  0   0  90]]"
73,90 Trees,0.9874015748031496,"[[259   2   0]
 [  6 278   0]
 [  0   0  90]]"
74,90 Trees,0.9921259842519685,"[[260   1   0]
 [  4 280   0]
 [  0   0  90]]"
75,90 Trees,0.9874015748031496,"[[260   1   0]
 [  7 277   0]
 [  0   0  90]]"
76,90 Trees,0.988976377952756,"[[260   1   0]
 [  6 278   0]
 [  0   0  90]]"
77,90 Trees,0.9921259842519685,"[[260   1   0]
 [  4 280   0]
 [  0   0  90]]"
78,90 Trees,0.9905511811023622,"[[259   2   0]
 [  4 280   0]
 [  0   0  90]]"
79,90 Trees,0.988976377952756,"[[260   1   0]
 [  6 278   0]
 [  0   0  90]]"
80,90 Trees,0.9905511811023622,"[[259   2   0]
 [  4 280   0]
 [  0   0  90]]"
81,90 Trees,0.9905511811023622,"[[259   2   0]
 [  4 280   0]
 [  0   0  90]]"
82,90 Trees,0.9905511811023622,"[[260   1   0]
 [  5 279   0]
 [  0   0  90]]"
83,90 Trees,0.9905511811023622,"[[259   2   0]
 [  4 280   0]
 [  0   0  90]]"
84,90 Trees,0.988976377952756,"[[260   1   0]
 [  4 280   0]
 [  1   1  88]]"
85,90 Trees,0.988976377952756,"[[259   2   0]
 [  5 279   0]
 [  0   0  90]]"
86,90 Trees,0.9905511811023622,"[[260   1   0]
 [  5 279   0]
 [  0   0  90]]"
87,90 Trees,0.988976377952756,"[[259   2   0]
 [  5 279   0]
 [  0   0  90]]"
88,90 Trees,0.9874015748031496,"[[259   2   0]
 [  6 278   0]
 [  0   0  90]]"
89,90 Trees,0.988976377952756,"[[260   1   0]
 [  6 278   0]
 [  0   0  90]]"
90,90 Trees,0.988976377952756,"[[260   1   0]
 [  6 278   0]
 [  0   0  90]]"
91,90 Trees,0.9858267716535433,"[[259   2   0]
 [  7 277   0]
 [  0   0  90]]"
92,90 Trees,0.9937007874015747,"[[260   1   0]
 [  3 281   0]
 [  0   0  90]]"
93,90 Trees,0.9921259842519685,"[[259   2   0]
 [  3 281   0]
 [  0   0  90]]"
94,90 Trees,0.988976377952756,"[[258   3   0]
 [  4 280   0]
 [  0   0  90]]"
95,90 Trees,0.9858267716535433,"[[259   2   0]
 [  7 277   0]
 [  0   0  90]]"
96,90 Trees,0.9905511811023622,"[[259   2   0]
 [  4 280   0]
 [  0   0  90]]"
97,90 Trees,0.9858267716535433,"[[260   1   0]
 [  8 276   0]
 [  0   0  90]]"
98,90 Trees,0.9874015748031496,"[[259   2   0]
 [  6 278   0]
 [  0   0  90]]"
99,90 Trees,0.9874015748031496,"[[259   2   0]
 [  6 278   0]
 [  0   0  90]]"
100,90 Trees,0.9874015748031496,"[[259   2   0]
 [  6 278   0]
 [  0   0  90]]"
101,90 Trees,0.988976377952756,"[[259   2   0]
 [  5 279   0]
 [  0   0  90]]"
102,90 Trees,0.9874015748031496,"[[260   1   0]
 [  7 277   0]
 [  0   0  90]]"
103,90 Trees,0.988976377952756,"[[259   2   0]
 [  5 279   0]
 [  0   0  90]]"
104,90 Trees,0.984251968503937,"[[258   3   0]
 [  7 277   0]
 [  0   0  90]]"
105,90 Trees,0.9874015748031496,"[[260   1   0]
 [  6 278   0]
 [  1   0  89]]"
106,90 Trees,0.9858267716535433,"[[258   3   0]
 [  6 278   0]
 [  0   0  90]]"
107,90 Trees,0.9905511811023622,"[[259   2   0]
 [  4 280   0]
 [  0   0  90]]"
1,100 Trees,0.84251968503937,"[[245  16   0]
 [ 33 239  12]
 [  0  39  51]]"
2,100 Trees,0.9118110236220472,"[[254   7   0]
 [ 34 239  11]
 [  0   4  86]]"
3,100 Trees,0.925984251968504,"[[253   8   0]
 [ 22 250  12]
 [  0   5  85]]"
4,100 Trees,0.952755905511811,"[[254   7   0]
 [ 17 262   5]
 [  0   1  89]]"
5,100 Trees,0.9622047244094488,"[[254   7   0]
 [ 11 268   5]
 [  0   1  89]]"
6,100 Trees,0.9606299212598425,"[[252   9   0]
 [ 11 268   5]
 [  0   0  90]]"
7,100 Trees,0.9622047244094488,"[[254   7   0]
 [ 12 267   5]
 [  0   0  90]]"
8,100 Trees,0.9606299212598425,"[[252   9   0]
 [ 13 268   3]
 [  0   0  90]]"
9,100 Trees,0.9653543307086614,"[[253   8   0]
 [ 13 270   1]
 [  0   0  90]]"
10,100 Trees,0.9622047244094488,"[[252   9   0]
 [ 13 269   2]
 [  0   0  90]]"
11,100 Trees,0.9653543307086614,"[[252   9   0]
 [ 12 271   1]
 [  0   0  90]]"
12,100 Trees,0.9795275590551181,"[[256   5   0]
 [  7 276   1]
 [  0   0  90]]"
13,100 Trees,0.9826771653543307,"[[256   5   0]
 [  5 278   1]
 [  0   0  90]]"
14,100 Trees,0.984251968503937,"[[257   4   0]
 [  5 278   1]
 [  0   0  90]]"
15,100 Trees,0.984251968503937,"[[257   4   0]
 [  5 278   1]
 [  0   0  90]]"
16,100 Trees,0.984251968503937,"[[258   3   0]
 [  5 277   2]
 [  0   0  90]]"
17,100 Trees,0.984251968503937,"[[258   3   0]
 [  6 277   1]
 [  0   0  90]]"
18,100 Trees,0.9826771653543307,"[[257   4   0]
 [  6 277   1]
 [  0   0  90]]"
19,100 Trees,0.9874015748031496,"[[259   2   0]
 [  5 278   1]
 [  0   0  90]]"
20,100 Trees,0.9874015748031496,"[[257   4   0]
 [  4 280   0]
 [  0   0  90]]"
21,100 Trees,0.984251968503937,"[[257   4   0]
 [  5 278   1]
 [  0   0  90]]"
22,100 Trees,0.9858267716535433,"[[258   3   0]
 [  5 278   1]
 [  0   0  90]]"
23,100 Trees,0.9874015748031496,"[[259   2   0]
 [  5 278   1]
 [  0   0  90]]"
24,100 Trees,0.984251968503937,"[[257   4   0]
 [  5 278   1]
 [  0   0  90]]"
25,100 Trees,0.984251968503937,"[[258   3   0]
 [  6 277   1]
 [  0   0  90]]"
26,100 Trees,0.988976377952756,"[[259   2   0]
 [  4 279   1]
 [  0   0  90]]"
27,100 Trees,0.9826771653543307,"[[258   3   0]
 [  7 276   1]
 [  0   0  90]]"
28,100 Trees,0.9826771653543307,"[[258   3   0]
 [  7 276   1]
 [  0   0  90]]"
29,100 Trees,0.9826771653543307,"[[258   3   0]
 [  7 276   1]
 [  0   0  90]]"
30,100 Trees,0.9858267716535433,"[[258   3   0]
 [  5 278   1]
 [  0   0  90]]"
31,100 Trees,0.9874015748031496,"[[259   2   0]
 [  6 278   0]
 [  0   0  90]]"
32,100 Trees,0.9874015748031496,"[[259   2   0]
 [  6 278   0]
 [  0   0  90]]"
33,100 Trees,0.9874015748031496,"[[259   2   0]
 [  6 278   0]
 [  0   0  90]]"
34,100 Trees,0.988976377952756,"[[259   2   0]
 [  5 279   0]
 [  0   0  90]]"
35,100 Trees,0.9905511811023622,"[[259   2   0]
 [  4 280   0]
 [  0   0  90]]"
36,100 Trees,0.9874015748031496,"[[258   3   0]
 [  5 279   0]
 [  0   0  90]]"
37,100 Trees,0.984251968503937,"[[259   2   0]
 [  8 276   0]
 [  0   0  90]]"
38,100 Trees,0.9874015748031496,"[[259   2   0]
 [  5 278   1]
 [  0   0  90]]"
39,100 Trees,0.984251968503937,"[[257   4   0]
 [  5 278   1]
 [  0   0  90]]"
40,100 Trees,0.984251968503937,"[[259   2   0]
 [  6 276   2]
 [  0   0  90]]"
41,100 Trees,0.9874015748031496,"[[259   2   0]
 [  6 278   0]
 [  0   0  90]]"
42,100 Trees,0.9905511811023622,"[[260   1   0]
 [  5 279   0]
 [  0   0  90]]"
43,100 Trees,0.9921259842519685,"[[259   2   0]
 [  3 281   0]
 [  0   0  90]]"
44,100 Trees,0.9905511811023622,"[[259   2   0]
 [  4 280   0]
 [  0   0  90]]"
45,100 Trees,0.9921259842519685,"[[260   1   0]
 [  4 280   0]
 [  0   0  90]]"
46,100 Trees,0.9874015748031496,"[[258   3   0]
 [  5 279   0]
 [  0   0  90]]"
47,100 Trees,0.9874015748031496,"[[259   2   0]
 [  6 278   0]
 [  0   0  90]]"
48,100 Trees,0.988976377952756,"[[260   1   0]
 [  6 278   0]
 [  0   0  90]]"
49,100 Trees,0.984251968503937,"[[259   2   0]
 [  7 276   1]
 [  0   0  90]]"
50,100 Trees,0.988976377952756,"[[259   2   0]
 [  5 279   0]
 [  0   0  90]]"
51,100 Trees,0.9905511811023622,"[[259   2   0]
 [  4 280   0]
 [  0   0  90]]"
52,100 Trees,0.9874015748031496,"[[259   2   0]
 [  6 278   0]
 [  0   0  90]]"
53,100 Trees,0.9858267716535433,"[[259   2   0]
 [  7 277   0]
 [  0   0  90]]"
54,100 Trees,0.9905511811023622,"[[260   1   0]
 [  5 279   0]
 [  0   0  90]]"
55,100 Trees,0.9874015748031496,"[[259   2   0]
 [  6 278   0]
 [  0   0  90]]"
56,100 Trees,0.9921259842519685,"[[261   0   0]
 [  5 279   0]
 [  0   0  90]]"
57,100 Trees,0.9858267716535433,"[[259   2   0]
 [  7 277   0]
 [  0   0  90]]"
58,100 Trees,0.9921259842519685,"[[260   1   0]
 [  4 280   0]
 [  0   0  90]]"
59,100 Trees,0.988976377952756,"[[260   1   0]
 [  6 278   0]
 [  0   0  90]]"
60,100 Trees,0.9921259842519685,"[[260   1   0]
 [  4 280   0]
 [  0   0  90]]"
61,100 Trees,0.9874015748031496,"[[259   2   0]
 [  5 278   1]
 [  0   0  90]]"
62,100 Trees,0.9921259842519685,"[[260   1   0]
 [  4 280   0]
 [  0   0  90]]"
63,100 Trees,0.9874015748031496,"[[259   2   0]
 [  6 278   0]
 [  0   0  90]]"
64,100 Trees,0.9905511811023622,"[[260   1   0]
 [  4 279   1]
 [  0   0  90]]"
65,100 Trees,0.9874015748031496,"[[259   2   0]
 [  6 278   0]
 [  0   0  90]]"
66,100 Trees,0.9874015748031496,"[[259   2   0]
 [  6 278   0]
 [  0   0  90]]"
67,100 Trees,0.9874015748031496,"[[259   2   0]
 [  6 278   0]
 [  0   0  90]]"
68,100 Trees,0.9905511811023622,"[[258   3   0]
 [  3 281   0]
 [  0   0  90]]"
69,100 Trees,0.9905511811023622,"[[260   1   0]
 [  5 279   0]
 [  0   0  90]]"
70,100 Trees,0.988976377952756,"[[259   2   0]
 [  5 279   0]
 [  0   0  90]]"
71,100 Trees,0.9874015748031496,"[[260   1   0]
 [  7 277   0]
 [  0   0  90]]"
72,100 Trees,0.9858267716535433,"[[259   2   0]
 [  7 277   0]
 [  0   0  90]]"
73,100 Trees,0.988976377952756,"[[260   1   0]
 [  6 278   0]
 [  0   0  90]]"
74,100 Trees,0.9921259842519685,"[[260   1   0]
 [  4 280   0]
 [  0   0  90]]"
75,100 Trees,0.9905511811023622,"[[260   1   0]
 [  5 279   0]
 [  0   0  90]]"
76,100 Trees,0.988976377952756,"[[260   1   0]
 [  6 278   0]
 [  0   0  90]]"
77,100 Trees,0.9921259842519685,"[[260   1   0]
 [  4 280   0]
 [  0   0  90]]"
78,100 Trees,0.9905511811023622,"[[259   2   0]
 [  4 280   0]
 [  0   0  90]]"
79,100 Trees,0.988976377952756,"[[260   1   0]
 [  6 278   0]
 [  0   0  90]]"
80,100 Trees,0.9874015748031496,"[[259   2   0]
 [  6 278   0]
 [  0   0  90]]"
81,100 Trees,0.988976377952756,"[[259   2   0]
 [  5 279   0]
 [  0   0  90]]"
82,100 Trees,0.9905511811023622,"[[260   1   0]
 [  5 279   0]
 [  0   0  90]]"
83,100 Trees,0.9905511811023622,"[[259   2   0]
 [  4 280   0]
 [  0   0  90]]"
84,100 Trees,0.988976377952756,"[[260   1   0]
 [  5 279   0]
 [  1   0  89]]"
85,100 Trees,0.988976377952756,"[[259   2   0]
 [  5 279   0]
 [  0   0  90]]"
86,100 Trees,0.988976377952756,"[[260   1   0]
 [  5 278   1]
 [  0   0  90]]"
87,100 Trees,0.9874015748031496,"[[259   2   0]
 [  6 278   0]
 [  0   0  90]]"
88,100 Trees,0.9874015748031496,"[[259   2   0]
 [  6 278   0]
 [  0   0  90]]"
89,100 Trees,0.988976377952756,"[[260   1   0]
 [  6 278   0]
 [  0   0  90]]"
90,100 Trees,0.988976377952756,"[[260   1   0]
 [  6 278   0]
 [  0   0  90]]"
91,100 Trees,0.9858267716535433,"[[259   2   0]
 [  7 277   0]
 [  0   0  90]]"
92,100 Trees,0.9921259842519685,"[[259   2   0]
 [  3 281   0]
 [  0   0  90]]"
93,100 Trees,0.9905511811023622,"[[259   2   0]
 [  4 280   0]
 [  0   0  90]]"
94,100 Trees,0.988976377952756,"[[259   2   0]
 [  4 279   1]
 [  0   0  90]]"
95,100 Trees,0.9874015748031496,"[[259   2   0]
 [  6 278   0]
 [  0   0  90]]"
96,100 Trees,0.9921259842519685,"[[260   1   0]
 [  4 280   0]
 [  0   0  90]]"
97,100 Trees,0.9858267716535433,"[[259   2   0]
 [  7 277   0]
 [  0   0  90]]"
98,100 Trees,0.9874015748031496,"[[259   2   0]
 [  6 278   0]
 [  0   0  90]]"
99,100 Trees,0.9874015748031496,"[[259   2   0]
 [  6 278   0]
 [  0   0  90]]"
100,100 Trees,0.9874015748031496,"[[259   2   0]
 [  6 278   0]
 [  0   0  90]]"
101,100 Trees,0.988976377952756,"[[259   2   0]
 [  5 279   0]
 [  0   0  90]]"
102,100 Trees,0.9874015748031496,"[[260   1   0]
 [  7 277   0]
 [  0   0  90]]"
103,100 Trees,0.988976377952756,"[[259   2   0]
 [  5 279   0]
 [  0   0  90]]"
104,100 Trees,0.984251968503937,"[[258   3   0]
 [  7 277   0]
 [  0   0  90]]"
105,100 Trees,0.9858267716535433,"[[260   1   0]
 [  7 277   0]
 [  1   0  89]]"
106,100 Trees,0.9874015748031496,"[[259   2   0]
 [  6 278   0]
 [  0   0  90]]"
107,100 Trees,0.9905511811023622,"[[259   2   0]
 [  4 280   0]
 [  0   0  90]]"
